query	E_value	log.e.val	id	gene_id	included
ClbA	2.8e-29	28.5528419686578	28.7	158337416-stool1_revised_C1279086_1_gene171976	FALSE
ClbA	8.3e-28	27.0809219076239	25.5	511691.SmuNN2025_1649	FALSE
ClbA	1.1e-39	38.9586073148418	28.6	529507.PMI2605	FALSE
ClbA	1.5e-31	30.8239087409443	27	763759525-stool2_revised_C520346_1_gene27053	FALSE
ClbA	5.4e-26	25.267606240177	27.5	763860675-stool1_revised_scaffold56608_2_gene67469	FALSE
ClbA	2.4e-20	19.6197887582884	25.7	DOM001_GL0049847	FALSE
ClbA	1.1e-16	15.9586073148418	26.5	HT8A_GL0084752	FALSE
ClbA	1.3e-22	21.8860566476932	27.7	MH0028_GL0059693	FALSE
ClbA	2.1e-142	141.677780705266	100	MH0093_GL0013662	TRUE
ClbA	4.7e-26	25.3279021420643	26.1	MH0178_GL0018715	FALSE
ClbA	8e-23	22.0969100130081	25.5	MH0188_GL0133690	FALSE
ClbA	9.4e-18	17.0268721464003	25.6	MH0212_GL0083905	FALSE
ClbA	5.9e-18	17.2291479883579	25.8	MH0222_GL0113397	FALSE
ClbA	3.9e-26	25.4089353929735	27.9	MH0308_GL0167855	FALSE
ClbA	1.9e-23	22.7212463990472	26.4	MH0419_GL0007664	FALSE
ClbA	1.3e-29	28.8860566476932	27.1	N024A_GL0019713	FALSE
ClbA	3.4e-32	31.4685210829577	26.4	N046A_GL0058802	FALSE
ClbA	5.2e-19	18.2839966563652	26	O2.UC18-1_GL0102294	FALSE
ClbA	5.6e-15	14.2518119729938	26.1	O2.UC8-2_GL0193417	FALSE
ClbA	6.7e-25	24.1739251972992	25.4	V1.CD54-0_GL0001021	FALSE
ClbA	6e-18	17.2218487496164	25.4	V1.FI24_GL0171689	FALSE
ClbA	1.2e-20	19.9208187539524	25.1	V1.UC42-0_GL0143037	FALSE
ClbN	5e-149	148.301029995664	25.6	158742018-stool1_revised_C800729_1_gene102460	FALSE
ClbJ	3.7e-300	Inf	100	199310.c2459	TRUE
ClbH	3.7e-300	Inf	99.7	199310.c2461	TRUE
ClbJ	3.7e-300	Inf	33.3	290338.CKO_00870	TRUE
ClbG	5.3e-40	39.2757241303992	25.3	290338.CKO_01966	FALSE
ClbN	3.7e-300	Inf	98	364106.UTI89_C2210	TRUE
ClbB	3.7e-300	Inf	99.9	364106.UTI89_C2222	TRUE
ClbI	1e-218	218	35.8	411464.DESPIG_00266	FALSE
ClbI	9.2e-184	183.036212172654	34.9	457398.HMPREF0326_01246	FALSE
ClbC	6e-128	127.221848749616	29.1	457398.HMPREF0326_01257	FALSE
ClbI	8.4e-95	94.0757207139381	25.1	457421.CBFG_03231	FALSE
ClbC	2.2e-126	125.657577319178	27.9	511691.SmuNN2025_1659	FALSE
ClbJ	3.7e-300	Inf	26.4	763860675-stool1_revised_scaffold50425_2_gene89265	FALSE
ClbN	1e-147	147	25.6	763860675-stool1_revised_scaffold58830_1_gene96979	FALSE
ClbG	7.5e-58	57.1249387366083	27	764184357-stool1_revised_scaffold9858_2_gene51634	FALSE
ClbG	1.1e-53	52.9586073148418	26.7	BGI-34A_GL0005718	FALSE
ClbG	8.3e-56	55.0809219076239	27.2	DOM026_GL0078508	FALSE
ClbO	3.7e-300	Inf	100	MH0093_GL0053211	TRUE
ClbC	3.7e-300	Inf	99.7	MH0093_GL0055984	TRUE
ClbG	6.3e-279	278.200659450546	100	MH0093_GL0055988	TRUE
ClbI	3.7e-300	Inf	100	MH0093_GL0055990	TRUE
ClbK	3.7e-300	Inf	25.7	MH0177_GL0048861	FALSE
ClbG	1.2e-53	52.9208187539524	30.1	MH0178_GL0083470	FALSE
ClbG	4.7e-43	42.3279021420643	27.1	MH0185_GL0085034	FALSE
ClbK	1.2e-263	262.920818753952	25.4	MH0221_GL0010700	FALSE
ClbJ	3.7e-300	Inf	26	MH0250_GL0035865	FALSE
ClbG	3.9e-40	39.4089353929735	25.4	MH0260_GL0054297	FALSE
ClbJ	3.7e-300	Inf	25.3	MH0290_GL0141034	FALSE
ClbN	1.1e-186	185.958607314842	25.8	MH0308_GL0027801	FALSE
ClbG	8.6e-51	50.0655015487564	27.8	MH0308_GL0091752	FALSE
ClbG	3.1e-55	54.5086383061657	28	MH0308_GL0091759	FALSE
ClbG	4.8e-49	48.3187587626244	29.3	MH0308_GL0202921	FALSE
ClbJ	3.7e-300	Inf	25.9	MH0333_GL0051963	FALSE
ClbG	6.8e-46	45.1674910872938	25.5	MH0343_GL0191576	FALSE
ClbJ	3.7e-300	Inf	26.4	MH0407_GL0076575	FALSE
ClbN	6.3e-179	178.200659450546	25.3	MH0419_GL0137472	FALSE
ClbK	3.7e-300	Inf	28.3	NOF007_GL0048884	FALSE
ClbI	3.5e-176	175.45593195565	26	O2.CD2-0-PT_GL0039719	FALSE
ClbJ	3.7e-300	Inf	25.9	O2.UC15-0_GL0095533	FALSE
ClbJ	3.7e-300	Inf	29.3	O2.UC48-0_GL0158783	FALSE
ClbG	2.3e-50	49.6382721639824	29.1	O2.UC51-0_GL0080762	FALSE
ClbI	1.5e-91	90.8239087409443	25.1	T2D-61A_GL0019883	FALSE
ClbC	1.6e-78	77.7958800173441	27.8	V1.CD55-0_GL0120620	FALSE
ClbI	1.1e-215	214.958607314842	35	V1.FI06_GL0209354	FALSE
ClbI	2.7e-120	119.568636235841	29.2	V1.FI36_GL0211897	FALSE
ClbK	3.7e-300	Inf	25.6	V1.UC14-1_GL0043192	FALSE
ClbI	2e-153	152.698970004336	30.1	V1.UC42-0_GL0143019	FALSE
ClbD	1.3e-58	57.8860566476932	35.1	1000570.HMPREF9966_0727	FALSE
ClbD	7.6e-71	70.1191864077192	40.8	158337416-stool1_revised_C1288094_1_gene180094	FALSE
ClbD	1e-27	27	25.9	158479027-stool1_revised_C748075_1_gene91386	FALSE
ClbD	1.8e-67	66.7447274948967	37.2	158802708-stool1_revised_C1000561_1_gene30797	FALSE
ClbD	4.6e-55	54.3372421683184	33.3	158944319-stool2_revised_C1478065_1_gene35144	FALSE
ClbD	5.6e-30	29.2518119729938	29.1	159268001-stool1_revised_C1117713_1_gene13674	FALSE
ClbD	5.3e-46	45.2757241303992	27	159268001-stool2_revised_C694179_1_gene36516	FALSE
ClbD	4.2e-56	55.3767507096021	35.3	159753524-stool2_revised_scaffold20748_2_gene27004	FALSE
ClbD	2.2e-56	55.6575773191778	31.1	160603188-stool1_revised_C931651_1_gene93521	FALSE
ClbD	1.2e-66	65.9208187539524	38.4	195102.CPE2297	FALSE
ClbD	1.1e-22	21.9586073148418	26.5	334390.LAF_0998	FALSE
ClbD	5e-23	22.301029995664	26.2	339860.Msp_0718	FALSE
ClbD	3.1e-59	58.5086383061657	37.3	445971.ANASTE_01222	FALSE
ClbD	9.2e-58	57.0362121726544	35.4	445972.ANACOL_04419	FALSE
ClbD	2e-70	69.698970004336	40.1	457396.CSBG_00192	FALSE
ClbD	1.9e-25	24.7212463990472	25.4	457421.CBFG_04449	FALSE
ClbD	4.9e-35	34.3098039199715	29.5	469595.CSAG_01342	FALSE
ClbD	1.5e-57	56.8239087409443	35.2	469615.FGAG_01031	FALSE
ClbD	5.7e-55	54.2441251443275	34.1	470146.COPCOM_01474	FALSE
ClbD	2.1e-37	36.6777807052661	25.5	518634.BIFBRE_03555	FALSE
ClbD	1.3e-41	40.8860566476932	29.1	525366.HMPREF0549_0466	FALSE
ClbD	1.7e-61	60.7695510786217	35.2	556261.HMPREF0240_02104	FALSE
ClbD	2.3e-45	44.6382721639824	32.2	556270.MBAG_02615	FALSE
ClbD	1.2e-55	54.9208187539524	35.6	657314.CK5_33960	FALSE
ClbD	6.7e-65	64.1739251972992	39.9	658659.HMPREF0983_01857	FALSE
ClbD	1.8e-42	41.7447274948967	28.3	706434.HMPREF9429_01284	FALSE
ClbD	4e-65	64.397940008672	35.6	706434.HMPREF9429_01301	FALSE
ClbD	4.9e-51	50.3098039199715	32.7	737052003-stool1_revised_scaffold17464_1_gene32570	FALSE
ClbD	1e-43	43	30.8	737052003-stool1_revised_scaffold31179_1_gene69305	FALSE
ClbD	3.1e-53	52.5086383061657	34.1	763496533-stool2_revised_scaffold47583_1_gene55823	FALSE
ClbD	1e-59	59	38	763577454-stool2_revised_C1028720_1_gene77806	FALSE
ClbD	7.4e-67	66.130768280269	36.6	763860675-stool1_revised_C1155068_1_gene124010	FALSE
ClbD	1.4e-64	63.8538719643218	37.2	763860675-stool1_revised_scaffold48629_1_gene112931	FALSE
ClbD	7.8e-49	48.1079053973095	29.1	763901136-stool1_revised_C1043867_1_gene26499	FALSE
ClbD	5e-26	25.301029995664	25.7	763901136-stool2_revised_C933062_1_gene92317	FALSE
ClbD	6.3e-41	40.2006594505464	29.1	764062976-stool2_revised_C1008473_1_gene94482	FALSE
ClbD	9.9e-63	62.0043648054025	35.1	764143897-stool1_revised_scaffold23633_1_gene20146	FALSE
ClbD	6.9e-60	59.1611509092627	35.6	764143897-stool1_revised_scaffold29170_1_gene123441	FALSE
ClbD	3.7e-56	55.431798275933	33	764143897-stool1_revised_scaffold5530_1_gene168796	FALSE
ClbD	1e-38	38	28.2	764487809-stool1_revised_scaffold3200_1_gene122996	FALSE
ClbD	1.4e-55	54.8538719643218	34.8	764588959-stool1_revised_scaffold38274_1_gene31834	FALSE
ClbD	5.1e-30	29.2924298239021	25.2	764669880-stool2_revised_C350666_1_gene70745	FALSE
ClbD	3.6e-62	61.4436974992327	37.7	765094712-stool2_revised_scaffold10720_1_gene68633	FALSE
ClbD	6.2e-62	61.2076083105017	38.6	765620695-stool1_revised_C741325_1_gene59188	FALSE
ClbD	3.8e-61	60.4202164033832	37.8	765701615-stool1_revised_scaffold47263_3_gene161729	FALSE
ClbD	3.6e-70	69.4436974992327	39.9	768724.HMPREF9131_0058	FALSE
ClbD	5.5e-69	68.2596373105058	39.9	908338.HMPREF9286_0445	FALSE
ClbD	8.1e-71	70.0915149811213	37.2	BGI-06A_GL0025881	FALSE
ClbD	7.3e-43	42.1366771398795	29.4	BGI-06A_GL0060877	FALSE
ClbD	5.9e-40	39.2291479883579	27.6	BGI-15A_GL0036903	FALSE
ClbD	9.7e-65	64.0132282657338	35.4	BGI-27A_GL0069874	FALSE
ClbD	8.1e-62	61.0915149811213	36.2	BGI-33A_GL0005766	FALSE
ClbD	3.6e-21	20.4436974992327	25.5	BGI-33A_GL0011431	FALSE
ClbD	8e-25	24.0969100130081	25.7	BGI003A_GL0038013	FALSE
ClbD	5.4e-41	40.267606240177	27.8	DLF003_GL0054078	FALSE
ClbD	5.3e-39	38.2757241303992	29.8	DLF008_GL0025842	FALSE
ClbD	2.5e-42	41.602059991328	30.3	DLF013_GL0004699	FALSE
ClbD	7.4e-52	51.130768280269	32.2	DLF014_GL0018697	FALSE
ClbD	1.2e-37	36.9208187539524	28.8	DLM013_GL0042777	FALSE
ClbD	7.3e-38	37.1366771398795	28.7	DLM013_GL0045105	FALSE
ClbD	2.1e-62	61.6777807052661	35.5	DLM013_GL0071999	FALSE
ClbD	2.5e-37	36.602059991328	29.2	DLM016_GL0022950	FALSE
ClbD	3.6e-29	28.4436974992327	28.4	DLM019_GL0000670	FALSE
ClbD	7.2e-64	63.1426675035687	39.1	DLM019_GL0011175	FALSE
ClbD	6.3e-68	67.2006594505464	38.1	DOF004_GL0019386	FALSE
ClbD	2.2e-72	71.6575773191778	41.1	DOF010_GL0010077	FALSE
ClbD	1.4e-65	64.8538719643218	37	DOF012_GL0037347	FALSE
ClbD	8.8e-61	60.0555173278498	37.1	DOM012_GL0002849	FALSE
ClbD	6.2e-42	41.2076083105017	28.2	DOM012_GL0069461	FALSE
ClbD	2.1e-56	55.6777807052661	33.7	DOM022_GL0072436	FALSE
ClbD	2.8e-22	21.5528419686578	25.3	DOM024_GL0017202	FALSE
ClbD	1.9e-50	49.7212463990472	29.8	DOM026_GL0003284	FALSE
ClbD	4.9e-62	61.3098039199715	35.8	ED16A_GL0039594	FALSE
ClbD	1.1e-63	62.9586073148418	38.6	ED16A_GL0047761	FALSE
ClbD	3.9e-56	55.4089353929735	33.4	ED20A_GL0057515	FALSE
ClbD	5.7e-58	57.2441251443275	34.6	ED9A_GL0016480	FALSE
ClbD	3.1e-26	25.5086383061657	28.1	HT14A_GL0009563	FALSE
ClbD	1.6e-50	49.7958800173441	32.6	HT14A_GL0029857	FALSE
ClbD	1.8e-54	53.7447274948967	31.1	HT14A_GL0119067	FALSE
ClbD	6.1e-50	49.2146701649892	29.2	HT14A_GL0130017	FALSE
ClbD	1.2e-66	65.9208187539524	38.8	HT25A_GL0061914	FALSE
ClbD	5.1e-62	61.2924298239021	36.1	MH0003_GL0039872	FALSE
ClbD	2.4e-65	64.6197887582884	37.2	MH0003_GL0082218	FALSE
ClbD	2.2e-50	49.6575773191778	33.9	MH0006_GL0005460	FALSE
ClbD	4.1e-54	53.3872161432803	37.1	MH0006_GL0157683	FALSE
ClbD	3e-56	55.5228787452803	35.3	MH0009_GL0070723	FALSE
ClbD	8.9e-59	58.0506099933551	38.2	MH0011_GL0015914	FALSE
ClbD	4.6e-67	66.3372421683184	37.1	MH0011_GL0076877	FALSE
ClbD	5.8e-55	54.2365720064371	36.3	MH0012_GL0000370	FALSE
ClbD	4.8e-66	65.3187587626244	37.7	MH0012_GL0010575	FALSE
ClbD	2.9e-63	62.537602002101	38.6	MH0012_GL0095920	FALSE
ClbD	5.4e-56	55.267606240177	34.9	MH0012_GL0118564	FALSE
ClbD	2.7e-54	53.568636235841	37.5	MH0012_GL0153799	FALSE
ClbD	1.7e-51	50.7695510786217	35.3	MH0012_GL0192502	FALSE
ClbD	5.7e-63	62.2441251443275	36.8	MH0013_GL0015211	FALSE
ClbD	5e-32	31.301029995664	26.3	MH0013_GL0034379	FALSE
ClbD	2.9e-65	64.537602002101	38.1	MH0016_GL0018701	FALSE
ClbD	3e-55	54.5228787452803	35	MH0019_GL0001172	FALSE
ClbD	2.6e-55	54.5850266520292	35.7	MH0031_GL0024311	FALSE
ClbD	2.9e-55	54.537602002101	35.5	MH0035_GL0001171	FALSE
ClbD	4.3e-55	54.3665315444204	34.8	MH0035_GL0055230	FALSE
ClbD	1.3e-53	52.8860566476932	34.4	MH0053_GL0045298	FALSE
ClbD	1.4e-44	43.8538719643218	29.4	MH0058_GL0048928	FALSE
ClbD	1.5e-66	65.8239087409443	36.8	MH0060_GL0031032	FALSE
ClbD	1.8e-54	53.7447274948967	35.1	MH0060_GL0035717	FALSE
ClbD	2.8e-53	52.5528419686578	34.1	MH0062_GL0028069	FALSE
ClbD	2.3e-55	54.6382721639824	35	MH0076_GL0056447	FALSE
ClbD	1.3e-27	26.8860566476932	26.6	MH0079_GL0036359	FALSE
ClbD	1.8e-68	67.7447274948967	36.5	MH0083_GL0040799	FALSE
ClbD	1.3e-41	40.8860566476932	27.2	MH0083_GL0067807	FALSE
ClbD	1.5e-72	71.8239087409443	40	MH0083_GL0076385	FALSE
ClbD	4.9e-58	57.3098039199715	38	MH0087_GL0000436	FALSE
ClbD	1.6e-57	56.7958800173441	38.7	MH0088_GL0000243	FALSE
ClbD	3.2e-59	58.4948500216801	33.3	MH0088_GL0002682	FALSE
ClbD	2.7e-56	55.568636235841	37.5	MH0088_GL0010456	FALSE
ClbD	3.2e-40	39.4948500216801	28.4	MH0088_GL0016669	FALSE
ClbD	2.9e-49	48.537602002101	29.4	MH0088_GL0058784	FALSE
ClbD	8.1e-89	88.0915149811213	45.7	MH0088_GL0075408	FALSE
ClbD	1e-27	27	25.2	MH0090_GL0020876	FALSE
ClbD	3.4e-56	55.4685210829577	33	MH0090_GL0095371	FALSE
ClbD	4e-54	53.397940008672	36.3	MH0091_GL0068859	FALSE
ClbD	1.6e-53	52.7958800173441	36.3	MH0093_GL0008406	FALSE
ClbD	2.8e-199	198.552841968658	100	MH0093_GL0055985	TRUE
ClbD	8.1e-43	42.0915149811213	29.1	MH0095_GL0023003	FALSE
ClbD	5.8e-41	40.2365720064371	26.9	MH0097_GL0036788	FALSE
ClbD	2.6e-63	62.5850266520292	36.1	MH0097_GL0102099	FALSE
ClbD	4.5e-54	53.3467874862247	34.6	MH0100_GL0023254	FALSE
ClbD	6.6e-56	55.1804560644581	33.7	MH0100_GL0036747	FALSE
ClbD	1e-55	55	33.7	MH0100_GL0121700	FALSE
ClbD	2.6e-38	37.5850266520292	27.4	MH0101_GL0098946	FALSE
ClbD	8.1e-55	54.0915149811213	35.5	MH0108_GL0057076	FALSE
ClbD	5.1e-57	56.2924298239021	35.8	MH0111_GL0119634	FALSE
ClbD	2.3e-51	50.6382721639824	34.3	MH0116_GL0052539	FALSE
ClbD	4.2e-42	41.3767507096021	30.9	MH0117_GL0068915	FALSE
ClbD	2e-63	62.698970004336	37.4	MH0120_GL0006532	FALSE
ClbD	5e-71	70.301029995664	40.4	MH0122_GL0025871	FALSE
ClbD	3.5e-54	53.4559319556497	34	MH0122_GL0089055	FALSE
ClbD	3.2e-54	53.4948500216801	35	MH0124_GL0120108	FALSE
ClbD	5.3e-54	53.2757241303992	36.1	MH0126_GL0057211	FALSE
ClbD	6.3e-61	60.2006594505464	35	MH0128_GL0028767	FALSE
ClbD	3e-26	25.5228787452803	26.6	MH0131_GL0060072	FALSE
ClbD	8.4e-70	69.0757207139381	38.2	MH0131_GL0115731	FALSE
ClbD	9.6e-63	62.0177287669604	37.1	MH0131_GL0123168	FALSE
ClbD	9.4e-56	55.0268721464003	37.5	MH0131_GL0123816	FALSE
ClbD	1.2e-60	59.9208187539524	37.8	MH0131_GL0168874	FALSE
ClbD	2.7e-55	54.568636235841	36.2	MH0135_GL0028313	FALSE
ClbD	2.3e-55	54.6382721639824	35.1	MH0136_GL0026411	FALSE
ClbD	1.6e-32	31.7958800173441	25.9	MH0140_GL0148889	FALSE
ClbD	9e-55	54.0457574905607	34.7	MH0143_GL0070713	FALSE
ClbD	1.2e-43	42.9208187539524	29	MH0147_GL0061925	FALSE
ClbD	6.7e-62	61.1739251972992	36.6	MH0148_GL0047149	FALSE
ClbD	5.9e-56	55.2291479883579	35.2	MH0149_GL0065676	FALSE
ClbD	2.2e-66	65.6575773191778	37.7	MH0151_GL0091898	FALSE
ClbD	1.2e-52	51.9208187539524	31.1	MH0152_GL0026775	FALSE
ClbD	4.7e-58	57.3279021420643	38	MH0156_GL0041241	FALSE
ClbD	6.9e-63	62.1611509092627	38.1	MH0159_GL0086898	FALSE
ClbD	3.2e-59	58.4948500216801	31	MH0163_GL0113363	FALSE
ClbD	1e-65	65	37.3	MH0167_GL0000808	FALSE
ClbD	9.4e-67	66.0268721464003	37.3	MH0187_GL0122560	FALSE
ClbD	1.5e-37	36.8239087409443	27.9	MH0188_GL0009966	FALSE
ClbD	1.4e-33	32.8538719643218	28.1	MH0188_GL0083852	FALSE
ClbD	6.7e-26	25.1739251972992	26.9	MH0188_GL0084416	FALSE
ClbD	1.4e-60	59.8538719643218	36	MH0188_GL0095834	FALSE
ClbD	2e-58	57.698970004336	35.9	MH0188_GL0192716	FALSE
ClbD	3.3e-55	54.4814860601221	33.4	MH0189_GL0085816	FALSE
ClbD	3.3e-66	65.4814860601221	37.5	MH0189_GL0167437	FALSE
ClbD	2.8e-67	66.5528419686578	35.6	MH0192_GL0077208	FALSE
ClbD	1.6e-40	39.7958800173441	27.9	MH0192_GL0120392	FALSE
ClbD	5.3e-57	56.2757241303992	34.9	MH0192_GL0167299	FALSE
ClbD	2.3e-45	44.6382721639824	31.8	MH0197_GL0080696	FALSE
ClbD	5.8e-56	55.2365720064371	34	MH0197_GL0143584	FALSE
ClbD	2.5e-55	54.602059991328	35.5	MH0198_GL0007183	FALSE
ClbD	9e-61	60.0457574905607	36.5	MH0198_GL0025621	FALSE
ClbD	4.8e-62	61.3187587626244	36.6	MH0199_GL0075650	FALSE
ClbD	5e-36	35.301029995664	29.3	MH0199_GL0095559	FALSE
ClbD	5.3e-37	36.2757241303992	29.3	MH0199_GL0110486	FALSE
ClbD	4.6e-57	56.3372421683184	36	MH0199_GL0181782	FALSE
ClbD	3.2e-38	37.4948500216801	29	MH0200_GL0045563	FALSE
ClbD	3.5e-64	63.4559319556497	37.5	MH0203_GL0039887	FALSE
ClbD	7.4e-37	36.130768280269	27.1	MH0203_GL0196454	FALSE
ClbD	2.7e-57	56.568636235841	37.8	MH0203_GL0224906	FALSE
ClbD	1.9e-30	29.7212463990472	27.1	MH0204_GL0129590	FALSE
ClbD	9.8e-67	66.0087739243075	37.4	MH0211_GL0060734	FALSE
ClbD	2.9e-55	54.537602002101	35.7	MH0211_GL0166126	FALSE
ClbD	1.1e-66	65.9586073148418	38.1	MH0211_GL0193907	FALSE
ClbD	6.4e-56	55.1938200260161	32.9	MH0212_GL0025814	FALSE
ClbD	1e-41	41	26	MH0212_GL0045814	FALSE
ClbD	3e-57	56.5228787452803	35	MH0221_GL0008167	FALSE
ClbD	1.4e-31	30.8538719643218	27.5	MH0221_GL0016587	FALSE
ClbD	1.7e-43	42.7695510786217	28.2	MH0221_GL0045015	FALSE
ClbD	1.1e-40	39.9586073148418	27.7	MH0224_GL0031718	FALSE
ClbD	8.3e-55	54.0809219076239	34.5	MH0224_GL0112581	FALSE
ClbD	5.9e-70	69.2291479883579	36.1	MH0227_GL0015641	FALSE
ClbD	2.9e-40	39.537602002101	27.3	MH0227_GL0032238	FALSE
ClbD	1.3e-56	55.8860566476932	33.4	MH0230_GL0088137	FALSE
ClbD	1.2e-58	57.9208187539524	37.8	MH0233_GL0036611	FALSE
ClbD	1.6e-36	35.7958800173441	27.8	MH0233_GL0036652	FALSE
ClbD	8.2e-60	59.0861861476163	37.5	MH0233_GL0066343	FALSE
ClbD	5.2e-64	63.2839966563652	35	MH0233_GL0104688	FALSE
ClbD	1.8e-64	63.7447274948967	38.9	MH0236_GL0059458	FALSE
ClbD	1.8e-69	68.7447274948967	39.1	MH0239_GL0022984	FALSE
ClbD	3.1e-28	27.5086383061657	28	MH0239_GL0027547	FALSE
ClbD	4.8e-64	63.3187587626244	36.9	MH0239_GL0029565	FALSE
ClbD	1.8e-24	23.7447274948967	25.2	MH0239_GL0056828	FALSE
ClbD	8.9e-67	66.0506099933551	36.3	MH0239_GL0069046	FALSE
ClbD	1e-33	33	26.7	MH0239_GL0116178	FALSE
ClbD	1.2e-40	39.9208187539524	29.1	MH0244_GL0043335	FALSE
ClbD	7.1e-55	54.1487416512809	34.1	MH0244_GL0087777	FALSE
ClbD	3.9e-68	67.4089353929735	36.5	MH0246_GL0036948	FALSE
ClbD	3.8e-47	46.4202164033832	27.7	MH0247_GL0087649	FALSE
ClbD	1e-55	55	32.4	MH0250_GL0236084	FALSE
ClbD	2e-30	29.698970004336	29.5	MH0250_GL0241153	FALSE
ClbD	2.1e-54	53.6777807052661	35.8	MH0252_GL0037365	FALSE
ClbD	7e-61	60.1549019599857	37.5	MH0252_GL0055637	FALSE
ClbD	4.7e-62	61.3279021420643	36.6	MH0252_GL0136804	FALSE
ClbD	7.5e-62	61.1249387366083	38	MH0252_GL0199409	FALSE
ClbD	4.1e-61	60.3872161432803	35.2	MH0257_GL0044357	FALSE
ClbD	1.9e-37	36.7212463990472	26.7	MH0257_GL0130078	FALSE
ClbD	2.9e-56	55.537602002101	32.5	MH0260_GL0149425	FALSE
ClbD	5.1e-55	54.2924298239021	32.9	MH0270_GL0089772	FALSE
ClbD	1.4e-63	62.8538719643218	35.3	MH0274_GL0118478	FALSE
ClbD	6.5e-62	61.1870866433571	38.2	MH0275_GL0111043	FALSE
ClbD	3.7e-55	54.431798275933	34.8	MH0276_GL0100451	FALSE
ClbD	4.8e-56	55.3187587626244	36.2	MH0276_GL0165129	FALSE
ClbD	4.9e-56	55.3098039199715	31.7	MH0276_GL0236826	FALSE
ClbD	2e-68	67.698970004336	37.7	MH0277_GL0008103	FALSE
ClbD	1.5e-68	67.8239087409443	38.1	MH0277_GL0032887	FALSE
ClbD	2.2e-68	67.6575773191778	38.4	MH0277_GL0041233	FALSE
ClbD	2.2e-71	70.6575773191778	38.3	MH0277_GL0052125	FALSE
ClbD	2.2e-34	33.6575773191778	28.8	MH0280_GL0001294	FALSE
ClbD	2.7e-49	48.568636235841	31.5	MH0281_GL0097825	FALSE
ClbD	1.7e-69	68.7695510786217	40.1	MH0284_GL0111602	FALSE
ClbD	1.1e-41	40.9586073148418	30.4	MH0288_GL0027160	FALSE
ClbD	1.9e-39	38.7212463990472	27.1	MH0288_GL0177241	FALSE
ClbD	5e-55	54.301029995664	33.5	MH0290_GL0098639	FALSE
ClbD	1.2e-57	56.9208187539524	35	MH0298_GL0070982	FALSE
ClbD	1.7e-31	30.7695510786217	27.5	MH0302_GL0091853	FALSE
ClbD	2e-53	52.698970004336	34.9	MH0302_GL0093324	FALSE
ClbD	7.3e-66	65.1366771398795	36.8	MH0303_GL0213356	FALSE
ClbD	7.1e-55	54.1487416512809	32.2	MH0305_GL0026573	FALSE
ClbD	3e-73	72.5228787452803	40.3	MH0308_GL0167866	FALSE
ClbD	1.3e-61	60.8860566476932	37.6	MH0318_GL0037363	FALSE
ClbD	4.1e-46	45.3872161432803	31.3	MH0318_GL0051517	FALSE
ClbD	3.5e-26	25.4559319556497	25.1	MH0318_GL0070459	FALSE
ClbD	2.7e-36	35.568636235841	28.7	MH0318_GL0216109	FALSE
ClbD	5.2e-59	58.2839966563652	35.3	MH0318_GL0245140	FALSE
ClbD	2.1e-60	59.6777807052661	37.5	MH0323_GL0127394	FALSE
ClbD	5.3e-61	60.2757241303992	37.2	MH0326_GL0001576	FALSE
ClbD	2.4e-32	31.6197887582884	25.3	MH0328_GL0039468	FALSE
ClbD	8.4e-59	58.0757207139381	37.6	MH0330_GL0056709	FALSE
ClbD	4.9e-68	67.3098039199715	37.8	MH0333_GL0057450	FALSE
ClbD	9.5e-45	44.0222763947111	31.3	MH0334_GL0053815	FALSE
ClbD	1e-58	58	36.3	MH0336_GL0016100	FALSE
ClbD	1.1e-64	63.9586073148418	37.2	MH0336_GL0046844	FALSE
ClbD	1.9e-31	30.7212463990472	26.3	MH0336_GL0125502	FALSE
ClbD	1.2e-66	65.9208187539524	38.1	MH0337_GL0038026	FALSE
ClbD	9.1e-55	54.0409586076789	34.7	MH0338_GL0150971	FALSE
ClbD	3e-49	48.5228787452803	28	MH0345_GL0032684	FALSE
ClbD	8.2e-56	55.0861861476163	33.9	MH0345_GL0171329	FALSE
ClbD	2.5e-48	47.602059991328	29.5	MH0350_GL0127583	FALSE
ClbD	4.2e-62	61.3767507096021	36.9	MH0350_GL0160454	FALSE
ClbD	2.1e-55	54.6777807052661	35.5	MH0354_GL0031181	FALSE
ClbD	7.9e-55	54.1023729087096	34.8	MH0355_GL0123377	FALSE
ClbD	5.7e-41	40.2441251443275	26.1	MH0356_GL0053121	FALSE
ClbD	3e-41	40.5228787452803	27.7	MH0358_GL0008141	FALSE
ClbD	3.9e-55	54.4089353929735	34.8	MH0358_GL0034506	FALSE
ClbD	1.9e-30	29.7212463990472	27.8	MH0358_GL0063330	FALSE
ClbD	1.4e-57	56.8538719643218	34.1	MH0358_GL0153367	FALSE
ClbD	1.9e-60	59.7212463990472	36.9	MH0358_GL0161657	FALSE
ClbD	8e-48	47.0969100130081	28.1	MH0359_GL0130450	FALSE
ClbD	7.9e-66	65.1023729087096	38.1	MH0360_GL0060000	FALSE
ClbD	1.5e-57	56.8239087409443	35.4	MH0360_GL0089282	FALSE
ClbD	3.9e-41	40.4089353929735	29.2	MH0362_GL0144535	FALSE
ClbD	1.5e-51	50.8239087409443	32.4	MH0366_GL0061761	FALSE
ClbD	3.9e-60	59.4089353929735	36.6	MH0366_GL0069847	FALSE
ClbD	2.3e-64	63.6382721639824	37.9	MH0370_GL0005949	FALSE
ClbD	3.7e-57	56.431798275933	36.8	MH0370_GL0012484	FALSE
ClbD	3.3e-57	56.4814860601221	34.3	MH0370_GL0046972	FALSE
ClbD	1.8e-58	57.7447274948967	37.7	MH0370_GL0100179	FALSE
ClbD	2.1e-77	76.6777807052661	40.3	MH0372_GL0009743	FALSE
ClbD	9.3e-74	73.0315170514461	39.3	MH0372_GL0096818	FALSE
ClbD	5.3e-39	38.2757241303992	27	MH0372_GL0108213	FALSE
ClbD	8.7e-60	59.0604807473814	34.1	MH0372_GL0113919	FALSE
ClbD	6.2e-66	65.2076083105017	38.5	MH0373_GL0133137	FALSE
ClbD	1.5e-55	54.8239087409443	33.7	MH0373_GL0146390	FALSE
ClbD	6.5e-34	33.1870866433571	29.1	MH0375_GL0078066	FALSE
ClbD	1.7e-87	86.7695510786217	45.2	MH0375_GL0090134	FALSE
ClbD	8.4e-38	37.0757207139381	30.1	MH0377_GL0086930	FALSE
ClbD	1.9e-39	38.7212463990472	30.7	MH0378_GL0043532	FALSE
ClbD	3.7e-39	38.431798275933	26.2	MH0381_GL0102982	FALSE
ClbD	1.8e-37	36.7447274948967	27.1	MH0382_GL0004084	FALSE
ClbD	1.1e-61	60.9586073148418	35.5	MH0382_GL0030955	FALSE
ClbD	1.8e-37	36.7447274948967	29.2	MH0382_GL0097403	FALSE
ClbD	7.7e-64	63.1135092748275	39.2	MH0382_GL0142643	FALSE
ClbD	9.2e-56	55.0362121726544	34.7	MH0385_GL0034766	FALSE
ClbD	6.8e-66	65.1674910872938	36.3	MH0389_GL0115108	FALSE
ClbD	1.3e-61	60.8860566476932	38.2	MH0390_GL0101351	FALSE
ClbD	1.9e-58	57.7212463990472	36.8	MH0390_GL0182054	FALSE
ClbD	8.9e-39	38.0506099933551	25.3	MH0398_GL0094565	FALSE
ClbD	7.7e-63	62.1135092748275	36.1	MH0398_GL0150434	FALSE
ClbD	1.8e-61	60.7447274948967	38.2	MH0399_GL0054662	FALSE
ClbD	8.7e-25	24.0604807473814	25.5	MH0402_GL0075384	FALSE
ClbD	1.8e-53	52.7447274948967	34.2	MH0406_GL0045234	FALSE
ClbD	3.2e-78	77.4948500216801	39.8	MH0406_GL0113668	FALSE
ClbD	6.2e-35	34.2076083105017	28.5	MH0417_GL0008842	FALSE
ClbD	7e-43	42.1549019599857	29.1	MH0417_GL0021461	FALSE
ClbD	7.2e-56	55.1426675035687	37.8	MH0419_GL0045690	FALSE
ClbD	8e-54	53.0969100130081	33	MH0421_GL0036564	FALSE
ClbD	4.2e-60	59.3767507096021	36.8	MH0422_GL0037192	FALSE
ClbD	1.6e-53	52.7958800173441	33.8	MH0428_GL0183675	FALSE
ClbD	4.9e-64	63.3098039199715	38.1	MH0433_GL0179604	FALSE
ClbD	6.8e-47	46.1674910872938	32.8	MH0433_GL0207176	FALSE
ClbD	1e-67	67	39.4	MH0435_GL0028673	FALSE
ClbD	1.1e-42	41.9586073148418	30.9	MH0437_GL0229433	FALSE
ClbD	5.2e-54	53.2839966563652	35.6	MH0441_GL0003700	FALSE
ClbD	1e-41	41	28.8	MH0446_GL0116418	FALSE
ClbD	2.3e-64	63.6382721639824	36.3	MH0446_GL0154258	FALSE
ClbD	1.8e-39	38.7447274948967	28.4	MH0447_GL0017628	FALSE
ClbD	1.1e-41	40.9586073148418	26.7	MH0448_GL0067627	FALSE
ClbD	2.1e-59	58.6777807052661	33.2	MH0452_GL0096644	FALSE
ClbD	7.2e-29	28.1426675035687	26.1	MH0454_GL0241308	FALSE
ClbD	1e-54	54	35	MH0456_GL0073833	FALSE
ClbD	1.6e-40	39.7958800173441	28	MH0462_GL0099712	FALSE
ClbD	2.8e-27	26.5528419686578	25.8	MH0462_GL0166220	FALSE
ClbD	2e-39	38.698970004336	27.8	N009A_GL0015785	FALSE
ClbD	1.4e-50	49.8538719643218	30.8	N037A_GL0009064	FALSE
ClbD	4e-39	38.397940008672	28.8	N038A_GL0108331	FALSE
ClbD	3e-25	24.5228787452803	26.2	N049A_GL0078548	FALSE
ClbD	5.2e-52	51.2839966563652	29.5	N049A_GL0083976	FALSE
ClbD	8e-65	64.0969100130081	37.8	N051A_GL0040218	FALSE
ClbD	1.3e-35	34.8860566476932	28.2	N083A_GL0063540	FALSE
ClbD	2.1e-61	60.6777807052661	36.7	N083A_GL0072598	FALSE
ClbD	9.3e-31	30.0315170514461	27.4	N086A_GL0013092	FALSE
ClbD	3.4e-54	53.4685210829577	32.7	NLF007_GL0105103	FALSE
ClbD	1.1e-56	55.9586073148418	34.9	NLM010_GL0075186	FALSE
ClbD	7.5e-60	59.1249387366083	37.2	NLM023_GL0052977	FALSE
ClbD	4.1e-33	32.3872161432803	26.9	NLM027_GL0057532	FALSE
ClbD	4.6e-60	59.3372421683184	35.4	NLM027_GL0088940	FALSE
ClbD	1.5e-32	31.8239087409443	26.9	NOF009_GL0012090	FALSE
ClbD	5.3e-31	30.2757241303992	28.7	NOF009_GL0046995	FALSE
ClbD	3.9e-55	54.4089353929735	34	NOM009_GL0086915	FALSE
ClbD	2.1e-67	66.6777807052661	38.1	NOM026_GL0021691	FALSE
ClbD	4.8e-58	57.3187587626244	36.1	O2.CD3-0-PT_GL0040964	FALSE
ClbD	5.8e-52	51.2365720064371	33.7	O2.CD3-0-PT_GL0195132	FALSE
ClbD	2.8e-33	32.5528419686578	27	O2.UC1-2_GL0036076	FALSE
ClbD	1.3e-62	61.8860566476932	34.1	O2.UC1-2_GL0036094	FALSE
ClbD	1.7e-58	57.7695510786217	34.6	O2.UC1-2_GL0073579	FALSE
ClbD	6.9e-71	70.1611509092627	40.7	O2.UC1-2_GL0138110	FALSE
ClbD	5.5e-55	54.2596373105058	34.8	O2.UC12-1_GL0058190	FALSE
ClbD	7.8e-48	47.1079053973095	28.4	O2.UC12-1_GL0153174	FALSE
ClbD	6.5e-41	40.1870866433571	29.1	O2.UC13-1_GL0146983	FALSE
ClbD	2.8e-40	39.5528419686578	26.9	O2.UC16-1_GL0097637	FALSE
ClbD	7.8e-37	36.1079053973095	26.9	O2.UC16-1_GL0100765	FALSE
ClbD	5.9e-64	63.2291479883579	37.4	O2.UC18-0_GL0038773	FALSE
ClbD	3.7e-54	53.431798275933	34.6	O2.UC19-2_GL0058346	FALSE
ClbD	3.8e-54	53.4202164033832	29.4	O2.UC2-0_GL0103940	FALSE
ClbD	1.5e-23	22.8239087409443	25.5	O2.UC20-1_GL0106924	FALSE
ClbD	3e-34	33.5228787452803	25.5	O2.UC23-2_GL0127741	FALSE
ClbD	1.8e-36	35.7447274948967	28.5	O2.UC24-1_GL0074506	FALSE
ClbD	1e-53	53	29.4	O2.UC24-1_GL0175585	FALSE
ClbD	3.3e-55	54.4814860601221	36.3	O2.UC26-0_GL0083269	FALSE
ClbD	1.2e-40	39.9208187539524	30.4	O2.UC28-0_GL0032147	FALSE
ClbD	2.3e-72	71.6382721639824	39.9	O2.UC29-1_GL0129533	FALSE
ClbD	1.7e-64	63.7695510786217	37.5	O2.UC31-1_GL0135929	FALSE
ClbD	5.3e-57	56.2757241303992	35.3	O2.UC32-1_GL0089095	FALSE
ClbD	4.3e-61	60.3665315444204	37.3	O2.UC32-1_GL0145825	FALSE
ClbD	1.1e-55	54.9586073148418	34.7	O2.UC35-0_GL0021016	FALSE
ClbD	4e-55	54.397940008672	39	O2.UC35-0_GL0163043	FALSE
ClbD	5.8e-53	52.2365720064371	35.4	O2.UC36-0_GL0029253	FALSE
ClbD	9.2e-33	32.0362121726544	27.8	O2.UC38-0_GL0002542	FALSE
ClbD	5.6e-43	42.2518119729938	28.1	O2.UC4-0_GL0034492	FALSE
ClbD	4.7e-42	41.3279021420643	27.7	O2.UC44-1_GL0172160	FALSE
ClbD	2.3e-55	54.6382721639824	35	O2.UC44-2_GL0038485	FALSE
ClbD	7.3e-53	52.1366771398795	34	O2.UC44-2_GL0067856	FALSE
ClbD	7.2e-54	53.1426675035687	33.4	O2.UC44-2_GL0067857	FALSE
ClbD	4e-59	58.397940008672	35.5	O2.UC44-2_GL0217759	FALSE
ClbD	3.6e-43	42.4436974992327	30.9	O2.UC44-2_GL0233426	FALSE
ClbD	2.3e-65	64.6382721639824	38	O2.UC46-1_GL0026503	FALSE
ClbD	2.1e-65	64.6777807052661	36.2	O2.UC46-1_GL0039043	FALSE
ClbD	1.3e-59	58.8860566476932	35.7	O2.UC47-2_GL0002078	FALSE
ClbD	2e-34	33.698970004336	27.3	O2.UC48-0_GL0015320	FALSE
ClbD	9.4e-58	57.0268721464003	36.6	O2.UC48-0_GL0016557	FALSE
ClbD	3.8e-65	64.4202164033832	37	O2.UC48-0_GL0127050	FALSE
ClbD	7.5e-58	57.1249387366083	36.3	O2.UC48-0_GL0154318	FALSE
ClbD	1.8e-51	50.7447274948967	29.1	O2.UC48-0_GL0276128	FALSE
ClbD	5.8e-67	66.2365720064371	37.4	O2.UC48-0_GL0277559	FALSE
ClbD	8.6e-24	23.0655015487564	25.8	O2.UC48-1_GL0139735	FALSE
ClbD	1.2e-40	39.9208187539524	29.5	O2.UC49-0_GL0001510	FALSE
ClbD	7.9e-58	57.1023729087096	29.3	O2.UC50-0_GL0069156	FALSE
ClbD	8.5e-53	52.0705810742857	33.9	O2.UC50-0_GL0289834	FALSE
ClbD	1.6e-73	72.7958800173441	37.7	O2.UC51-2_GL0156919	FALSE
ClbD	8.3e-56	55.0809219076239	32.1	O2.UC57-2_GL0134721	FALSE
ClbD	5.6e-66	65.2518119729938	38.1	O2.UC6-1_GL0008174	FALSE
ClbD	4.6e-64	63.3372421683184	39.3	O2.UC7-0_GL0166886	FALSE
ClbD	4e-45	44.397940008672	25.3	O2.UC7-1_GL0186136	FALSE
ClbD	4.5e-60	59.3467874862247	36.5	O2.UC8-1_GL0048295	FALSE
ClbD	1.1e-41	40.9586073148418	27.7	SZEY-10A_GL0094621	FALSE
ClbD	1.4e-67	66.8538719643218	37.5	SZEY-22A_GL0064288	FALSE
ClbD	2.6e-33	32.5850266520292	29.9	SZEY-35A_GL0127975	FALSE
ClbD	2.8e-56	55.5528419686578	36.5	SZEY-81A_GL0023902	FALSE
ClbD	1.3e-40	39.8860566476932	29.3	T2D-102A_GL0109156	FALSE
ClbD	1.8e-58	57.7447274948967	35.6	T2D-107A_GL0067180	FALSE
ClbD	8.2e-33	32.0861861476163	25.9	T2D-112A_GL0062467	FALSE
ClbD	7.4e-58	57.130768280269	35.2	T2D-113A_GL0102950	FALSE
ClbD	2.2e-28	27.6575773191778	26.4	T2D-113A_GL0126075	FALSE
ClbD	3.2e-46	45.4948500216801	31.1	T2D-114A_GL0032649	FALSE
ClbD	6.4e-60	59.1938200260161	36	T2D-11A_GL0000007	FALSE
ClbD	1.1e-43	42.9586073148418	29.4	T2D-11A_GL0033554	FALSE
ClbD	1.2e-56	55.9208187539524	35.3	T2D-11A_GL0108600	FALSE
ClbD	1.4e-37	36.8538719643218	25.6	T2D-122A_GL0053144	FALSE
ClbD	4.9e-67	66.3098039199715	39.7	T2D-123A_GL0016134	FALSE
ClbD	9.7e-56	55.0132282657338	35.8	T2D-135A_GL0056768	FALSE
ClbD	4.1e-55	54.3872161432803	35.1	T2D-140A_GL0027523	FALSE
ClbD	4.5e-40	39.3467874862247	29.4	T2D-150A_GL0058397	FALSE
ClbD	1.6e-40	39.7958800173441	28.4	T2D-22A_GL0028961	FALSE
ClbD	2e-43	42.698970004336	28.1	T2D-29A_GL0075024	FALSE
ClbD	7.6e-38	37.1191864077192	25.5	T2D-29A_GL0085706	FALSE
ClbD	3.6e-41	40.4436974992327	28.1	T2D-31A_GL0075928	FALSE
ClbD	5.9e-59	58.2291479883579	36.3	T2D-47A_GL0107553	FALSE
ClbD	5.4e-45	44.267606240177	30.8	T2D-48A_GL0030332	FALSE
ClbD	4e-66	65.397940008672	37.9	T2D-51A_GL0130747	FALSE
ClbD	7.9e-61	60.1023729087096	31.8	T2D-57A_GL0105846	FALSE
ClbD	1.4e-28	27.8538719643218	26.9	T2D-61A_GL0019005	FALSE
ClbD	3.3e-55	54.4814860601221	33.1	T2D-61A_GL0024547	FALSE
ClbD	2.6e-32	31.5850266520292	25.1	T2D-62A_GL0047084	FALSE
ClbD	3.2e-40	39.4948500216801	28	T2D-63A_GL0051862	FALSE
ClbD	5.5e-20	19.2596373105058	25.2	T2D-66A_GL0027155	FALSE
ClbD	9.4e-60	59.0268721464003	35.2	T2D-66A_GL0033415	FALSE
ClbD	6.2e-48	47.2076083105017	28.9	T2D-73A_GL0035798	FALSE
ClbD	3.7e-60	59.431798275933	36.2	T2D-78A_GL0049679	FALSE
ClbD	1.2e-39	38.9208187539524	28.5	T2D-91A_GL0081308	FALSE
ClbD	5.3e-28	27.2757241303992	26.5	V1.CD12-3_GL0017719	FALSE
ClbD	4.7e-56	55.3279021420643	36.9	V1.CD12-3_GL0042718	FALSE
ClbD	7.9e-45	44.1023729087096	27.4	V1.CD15-3_GL0048301	FALSE
ClbD	2.3e-64	63.6382721639824	37.7	V1.CD15-3_GL0066994	FALSE
ClbD	5.1e-45	44.2924298239021	27.4	V1.CD15-3_GL0085104	FALSE
ClbD	2e-54	53.698970004336	34.5	V1.CD16-0_GL0085148	FALSE
ClbD	1.8e-57	56.7447274948967	36.3	V1.CD16-0_GL0089023	FALSE
ClbD	2.7e-56	55.568636235841	35.5	V1.CD18-3_GL0033083	FALSE
ClbD	1.3e-39	38.8860566476932	27.4	V1.CD19-0_GL0069698	FALSE
ClbD	5.2e-57	56.2839966563652	36.8	V1.CD20-0_GL0029915	FALSE
ClbD	4.2e-35	34.3767507096021	26.8	V1.CD20-4_GL0145409	FALSE
ClbD	1.5e-60	59.8239087409443	36.9	V1.CD20-4_GL0170610	FALSE
ClbD	5.4e-56	55.267606240177	36.4	V1.CD21-4_GL0106456	FALSE
ClbD	2.8e-61	60.5528419686578	37.9	V1.CD25-4_GL0016333	FALSE
ClbD	1.5e-46	45.8239087409443	31.3	V1.CD27-0_GL0142773	FALSE
ClbD	7.1e-60	59.1487416512809	37.5	V1.CD3-0-PN_GL0067967	FALSE
ClbD	4.1e-32	31.3872161432803	25.5	V1.CD3-0-PN_GL0115600	FALSE
ClbD	8.8e-37	36.0555173278498	29.9	V1.CD3-0-PT_GL0065912	FALSE
ClbD	2.1e-36	35.6777807052661	27.6	V1.CD3-0-PT_GL0072248	FALSE
ClbD	1.5e-60	59.8239087409443	36.2	V1.CD32-0_GL0172303	FALSE
ClbD	4e-42	41.397940008672	28.3	V1.CD35-0_GL0020543	FALSE
ClbD	6.5e-65	64.1870866433571	35	V1.CD35-0_GL0040469	FALSE
ClbD	1.8e-40	39.7447274948967	28.3	V1.CD36-0_GL0090170	FALSE
ClbD	1e-58	58	37.8	V1.CD37-4_GL0130011	FALSE
ClbD	7.6e-37	36.1191864077192	26.2	V1.CD40-0_GL0105573	FALSE
ClbD	2e-35	34.698970004336	26.9	V1.CD42-0_GL0080902	FALSE
ClbD	1.1e-53	52.9586073148418	33.2	V1.CD44-0_GL0006687	FALSE
ClbD	3.5e-30	29.4559319556497	25.4	V1.CD44-0_GL0006696	FALSE
ClbD	1.2e-38	37.9208187539524	25.1	V1.CD44-0_GL0104680	FALSE
ClbD	2.7e-61	60.568636235841	36	V1.CD46-0_GL0038950	FALSE
ClbD	2.2e-41	40.6575773191778	29.9	V1.CD46-0_GL0077668	FALSE
ClbD	2.3e-29	28.6382721639824	28	V1.CD51-0_GL0055443	FALSE
ClbD	3.1e-43	42.5086383061657	26.3	V1.CD52-0_GL0017570	FALSE
ClbD	5.8e-60	59.2365720064371	35.8	V1.CD54-0_GL0038900	FALSE
ClbD	2.2e-61	60.6575773191778	38.8	V1.CD54-0_GL0071656	FALSE
ClbD	4.6e-29	28.3372421683184	26	V1.CD54-0_GL0090257	FALSE
ClbD	1.5e-58	57.8239087409443	36.9	V1.CD54-0_GL0129317	FALSE
ClbD	1.9e-68	67.7212463990472	34.5	V1.CD54-0_GL0133644	FALSE
ClbD	3.4e-62	61.4685210829577	37.8	V1.CD6-4_GL0136422	FALSE
ClbD	7e-43	42.1549019599857	30.2	V1.FI02_GL0002365	FALSE
ClbD	8.4000000000000007e-30	29.0757207139381	27.2	V1.FI02_GL0128514	FALSE
ClbD	1.4e-59	58.8538719643218	35.4	V1.FI02_GL0197768	FALSE
ClbD	8.1e-65	64.0915149811213	27.6	V1.FI05_GL0045519	FALSE
ClbD	8.4e-32	31.0757207139381	28.9	V1.FI05_GL0068774	FALSE
ClbD	1.2e-59	58.9208187539524	36.5	V1.FI10_GL0006289	FALSE
ClbD	3.3e-54	53.4814860601221	31.6	V1.FI11_GL0068439	FALSE
ClbD	1.7e-60	59.7695510786217	35.1	V1.FI11_GL0083928	FALSE
ClbD	1.1e-70	69.9586073148418	41.1	V1.FI11_GL0165336	FALSE
ClbD	2.4e-61	60.6197887582884	37.2	V1.FI13_GL0127379	FALSE
ClbD	3.2e-61	60.4948500216801	35.2	V1.FI14_GL0063255	FALSE
ClbD	6.1e-62	61.2146701649892	36.2	V1.FI14_GL0111389	FALSE
ClbD	4.1e-67	66.3872161432803	38.9	V1.FI17_GL0007199	FALSE
ClbD	4.2000000000000004e-30	29.3767507096021	26.7	V1.FI17_GL0013893	FALSE
ClbD	4.3e-65	64.3665315444204	39.6	V1.FI17_GL0140060	FALSE
ClbD	2.1e-65	64.6777807052661	36.9	V1.FI17_GL0160210	FALSE
ClbD	3.4e-54	53.4685210829577	34.2	V1.FI17_GL0160759	FALSE
ClbD	1e-57	57	34.8	V1.FI17_GL0163341	FALSE
ClbD	8.7e-67	66.0604807473814	38.4	V1.FI17_GL0171505	FALSE
ClbD	1.1e-32	31.9586073148418	26.9	V1.FI18_GL0047944	FALSE
ClbD	2.2e-34	33.6575773191778	26.3	V1.FI18_GL0058838	FALSE
ClbD	2.3e-50	49.6382721639824	27.7	V1.FI20_GL0034096	FALSE
ClbD	1.9e-36	35.7212463990472	28.2	V1.FI20_GL0176187	FALSE
ClbD	4.2e-52	51.3767507096021	32.9	V1.FI25_GL0162433	FALSE
ClbD	3.8e-61	60.4202164033832	36.9	V1.FI31_GL0024645	FALSE
ClbD	1.6e-50	49.7958800173441	32.4	V1.FI32_GL0188511	FALSE
ClbD	1.2e-62	61.9208187539524	36.6	V1.FI36_GL0250949	FALSE
ClbD	9.5e-63	62.0222763947111	37.2	V1.UC11-0_GL0039045	FALSE
ClbD	5.9e-59	58.2291479883579	32.2	V1.UC11-5_GL0048430	FALSE
ClbD	1.2e-55	54.9208187539524	35.4	V1.UC16-0_GL0000294	FALSE
ClbD	2.2e-64	63.6575773191778	37.9	V1.UC16-0_GL0028508	FALSE
ClbD	1.4e-45	44.8538719643218	31	V1.UC16-0_GL0043167	FALSE
ClbD	2.6e-44	43.5850266520292	29.7	V1.UC16-0_GL0077950	FALSE
ClbD	1.2e-45	44.9208187539524	28.3	V1.UC17-2_GL0039474	FALSE
ClbD	1.6e-68	67.7958800173441	40	V1.UC17-2_GL0051063	FALSE
ClbD	5.4e-66	65.267606240177	37.9	V1.UC17-2_GL0051952	FALSE
ClbD	2e-47	46.698970004336	29.6	V1.UC17-2_GL0056197	FALSE
ClbD	8.7e-48	47.0604807473814	27.8	V1.UC19-0_GL0059054	FALSE
ClbD	1.7e-50	49.7695510786217	32.2	V1.UC26-0_GL0156166	FALSE
ClbD	1.4e-67	66.8538719643218	37.7	V1.UC26-4_GL0022534	FALSE
ClbD	1.4e-18	17.8538719643218	25.3	V1.UC26-4_GL0117772	FALSE
ClbD	1.6e-57	56.7958800173441	34.8	V1.UC26-4_GL0173004	FALSE
ClbD	8.1e-46	45.0915149811213	30	V1.UC27-0_GL0008694	FALSE
ClbD	3.4e-43	42.4685210829577	27.7	V1.UC30-0_GL0042140	FALSE
ClbD	9e-57	56.0457574905607	32.5	V1.UC30-0_GL0046732	FALSE
ClbD	8.1e-58	57.0915149811213	34.8	V1.UC35-0_GL0003153	FALSE
ClbD	1.2e-59	58.9208187539524	35.7	V1.UC35-4_GL0024526	FALSE
ClbD	5.7e-59	58.2441251443275	26.4	V1.UC38-0_GL0028772	FALSE
ClbD	6.7e-66	65.1739251972992	36.9	V1.UC38-4_GL0127087	FALSE
ClbD	3.4e-60	59.4685210829577	38	V1.UC39-0_GL0049579	FALSE
ClbD	3.2e-39	38.4948500216801	25.6	V1.UC39-4_GL0052062	FALSE
ClbD	2.6e-57	56.5850266520292	35.4	V1.UC39-4_GL0121783	FALSE
ClbD	6e-53	52.2218487496164	29.8	V1.UC4-5_GL0229661	FALSE
ClbD	4.3e-42	41.3665315444204	27.7	V1.UC41-0_GL0112469	FALSE
ClbD	5.7e-44	43.2441251443275	28.3	V1.UC47-4_GL0078049	FALSE
ClbD	4.6e-52	51.3372421683184	32.7	V1.UC5-3_GL0087810	FALSE
ClbD	1.4e-21	20.8538719643218	25.8	V1.UC50-1_GL0047717	FALSE
ClbD	9.5e-30	29.0222763947112	28	V1.UC50-1_GL0074630	FALSE
ClbD	2.1e-50	49.6777807052661	32.3	V1.UC50-1_GL0101155	FALSE
ClbD	3e-59	58.5228787452803	34.3	V1.UC50-1_GL0156561	FALSE
ClbD	2.6e-61	60.5850266520292	38.4	V1.UC50-1_GL0181441	FALSE
ClbD	3.9e-58	57.4089353929735	35.5	V1.UC52-0_GL0030887	FALSE
ClbD	2.6e-22	21.5850266520292	25.8	V1.UC54-0_GL0086392	FALSE
ClbD	4.4e-57	56.3565473235138	35.9	V1.UC55-0_GL0167857	FALSE
ClbD	1e-56	56	36.1	V1.UC55-0_GL0213881	FALSE
ClbD	1.4e-54	53.8538719643218	34.2	V1.UC55-4_GL0130967	FALSE
ClbD	1.4e-40	39.8538719643218	25.3	V1.UC55-4_GL0214840	FALSE
ClbD	4.9e-22	21.3098039199715	26.5	V1.UC58-4_GL0016029	FALSE
ClbD	1.2e-48	47.9208187539524	30.2	V1.UC58-4_GL0016449	FALSE
ClbD	4e-41	40.397940008672	30.2	V1.UC6-0_GL0073764	FALSE
ClbD	1.3e-73	72.8860566476932	39.3	V1.UC60-0_GL0179311	FALSE
ClbE	4.5e-12	11.3467874862247	28.9	MH0088_GL0075409	FALSE
ClbE	8.9e-13	12.0506099933551	31.8	MH0092_GL0102596	FALSE
ClbE	5.7e-11	10.2441251443275	28.9	MH0250_GL0193387	FALSE
ClbE	7.2e-52	51.1426675035687	96.5	MH0303_GL0115026	TRUE
ClbE	9.4e-14	13.0268721464003	36.1	MH0308_GL0092034	FALSE
ClbE	6.6e-16	15.1804560644581	40.2	MH0419_GL0099082	FALSE
ClbE	1.3e-11	10.8860566476932	30.3	MH0419_GL0166060	FALSE
ClbE	1.4e-13	12.8538719643218	34.1	O2.UC21-2_GL0106118	FALSE
ClbF	1.3e-63	62.8860566476932	29.6	158458797-stool1_revised_scaffold32887_1_gene44297	FALSE
ClbF	1.4e-71	70.8538719643218	30.4	158924089-stool1_revised_C355692_1_gene253	FALSE
ClbF	6.7e-68	67.1739251972992	28.3	159247771-stool1_revised_scaffold10945_1_gene32878	FALSE
ClbF	3.5e-63	62.4559319556497	29.5	159753524-stool1_revised_C1079324_1_gene67203	FALSE
ClbF	5.7e-60	59.2441251443275	27.9	160421117-stool1_revised_scaffold1246_1_gene8173	FALSE
ClbF	3.4e-65	64.4685210829577	28.3	445971.ANASTE_00114	FALSE
ClbF	1.5e-76	75.8239087409443	31.3	445971.ANASTE_01221	FALSE
ClbF	3e-71	70.5228787452803	29.4	445972.ANACOL_04418	FALSE
ClbF	1.3e-70	69.8860566476932	30.1	457396.CSBG_00189	FALSE
ClbF	1.9e-51	50.7212463990472	26.7	457421.CBFG_03176	FALSE
ClbF	1e-61	61	28.1	457421.CBFG_03989	FALSE
ClbF	5.3e-62	61.2757241303992	30.3	479437.Elen_1859	FALSE
ClbF	1.5e-51	50.8239087409443	25.3	556263.FSEG_00098	FALSE
ClbF	1.4e-73	72.8538719643218	31.8	556263.FSEG_00829	FALSE
ClbF	6.6e-51	50.1804560644581	26.1	556263.FSEG_02201	FALSE
ClbF	4.8e-73	72.3187587626244	30.9	596329.HMPREF0631_0613	FALSE
ClbF	2.7e-72	71.568636235841	29.7	655811.HMPREF0078_0214	FALSE
ClbF	1.7e-65	64.7695510786217	27.6	706434.HMPREF9429_01122	FALSE
ClbF	2.1e-61	60.6777807052661	30.4	706434.HMPREF9429_01262	FALSE
ClbF	3.9e-79	78.4089353929735	33.2	717962.CC1_15850	FALSE
ClbF	7.7e-64	63.1135092748275	30.6	717962.CC1_16210	FALSE
ClbF	6.1e-67	66.2146701649892	30.3	717962.CC1_16390	FALSE
ClbF	3.3e-75	74.4814860601221	32.1	763496533-stool2_revised_scaffold47583_1_gene55822	FALSE
ClbF	2.1e-69	68.6777807052661	31	763840445-stool2_revised_scaffold13588_1_gene123302	FALSE
ClbF	3.6e-68	67.4436974992327	29.7	763860675-stool1_revised_C1120021_1_gene176282	FALSE
ClbF	1.9e-55	54.7212463990472	29.6	763860675-stool1_revised_scaffold59412_1_gene91083	FALSE
ClbF	1.6e-53	52.7958800173441	26.1	763982056-stool1_revised_scaffold6641_8_gene43340	FALSE
ClbF	1.3e-107	106.886056647693	38.3	764184357-stool1_revised_scaffold36829_1_gene40390	FALSE
ClbF	3.4e-63	62.4685210829577	28.9	764224817-stool1_revised_scaffold10150_1_gene177846	FALSE
ClbF	5.1e-72	71.2924298239021	30.8	764325968-stool2_revised_scaffold13999_2_gene66812	FALSE
ClbF	9.7e-74	73.0132282657338	31.7	764487809-stool1_revised_C1055989_1_gene186230	FALSE
ClbF	9.2e-69	68.0362121726544	31.2	764487809-stool1_revised_scaffold11102_1_gene49555	FALSE
ClbF	1.6e-75	74.7958800173441	31.6	765074482-stool1_revised_C1291222_1_gene58741	FALSE
ClbF	1.8e-70	69.7447274948967	25.4	765620695-stool1_revised_C783477_1_gene49263	FALSE
ClbF	5.6e-52	51.2518119729938	28.4	765620695-stool1_revised_scaffold25533_1_gene76014	FALSE
ClbF	3.7e-70	69.431798275933	31.1	765701615-stool1_revised_scaffold47263_3_gene161730	FALSE
ClbF	9.4e-75	74.0268721464003	32.2	768724.HMPREF9131_0668	FALSE
ClbF	2.3e-50	49.6382721639824	25.4	BGI-06A_GL0025884	FALSE
ClbF	6.7e-59	58.1739251972992	27.8	BGI-15A_GL0034386	FALSE
ClbF	9.8e-69	68.0087739243075	29.3	BGI-15A_GL0057871	FALSE
ClbF	7.7e-69	68.1135092748275	30.8	BGI002A_GL0151072	FALSE
ClbF	2.1e-66	65.6777807052661	31.7	DLF008_GL0024700	FALSE
ClbF	1.8e-64	63.7447274948967	28	DLF014_GL0019517	FALSE
ClbF	2.7e-72	71.568636235841	32.8	DLF014_GL0023888	FALSE
ClbF	5.9e-61	60.2291479883579	28.4	DLF014_GL0035162	FALSE
ClbF	2.6e-61	60.5850266520292	28.5	DLM001_GL0104795	FALSE
ClbF	1.1e-48	47.9586073148418	25.7	DLM004_GL0024747	FALSE
ClbF	1.2e-55	54.9208187539524	28.7	DLM013_GL0019236	FALSE
ClbF	3e-73	72.5228787452803	34	DLM013_GL0032120	FALSE
ClbF	3.6e-59	58.4436974992327	27.8	DLM013_GL0046905	FALSE
ClbF	2.9e-63	62.537602002101	28.6	DLM013_GL0065712	FALSE
ClbF	3e-61	60.5228787452803	31	DLM013_GL0094657	FALSE
ClbF	2.4e-56	55.6197887582884	29.1	DLM013_GL0096127	FALSE
ClbF	6.6e-68	67.1804560644581	30.1	DLM019_GL0011174	FALSE
ClbF	4.1e-71	70.3872161432803	30.5	DOF004_GL0019389	FALSE
ClbF	5.8e-74	73.2365720064371	31.1	DOF010_GL0042684	FALSE
ClbF	1.9e-74	73.7212463990472	31.1	DOM012_GL0011318	FALSE
ClbF	1.5e-44	43.8239087409443	25.9	DOM012_GL0065700	FALSE
ClbF	1.2e-71	70.9208187539524	32.1	DOM015_GL0023740	FALSE
ClbF	5.2e-70	69.2839966563652	31.2	DOM025_GL0037891	FALSE
ClbF	7.3e-61	60.1366771398795	30.7	ED16A_GL0032999	FALSE
ClbF	2.7e-66	65.568636235841	29.4	ED19A_GL0024758	FALSE
ClbF	1.5e-67	66.8239087409443	29.8	ED20A_GL0005149	FALSE
ClbF	6.6e-73	72.1804560644581	29.8	HT14A_GL0001843	FALSE
ClbF	3.3e-55	54.4814860601221	27.6	HT14A_GL0009392	FALSE
ClbF	6.2e-77	76.2076083105017	33.6	HT14A_GL0011018	FALSE
ClbF	6.8e-74	73.1674910872938	31.5	HT14A_GL0014053	FALSE
ClbF	1.1e-61	60.9586073148418	30.6	HT14A_GL0024086	FALSE
ClbF	5.8e-36	35.2365720064371	25.2	HT14A_GL0029859	FALSE
ClbF	9e-63	62.0457574905607	29	HT14A_GL0091578	FALSE
ClbF	5.1e-66	65.2924298239021	30.1	HT25A_GL0041178	FALSE
ClbF	2.7e-66	65.568636235841	28.8	HT25A_GL0061915	FALSE
ClbF	1.4e-60	59.8538719643218	29.5	HT25A_GL0098053	FALSE
ClbF	3.3e-56	55.4814860601221	25.1	HT25A_GL0109523	FALSE
ClbF	7.4e-74	73.130768280269	30.2	MH0001_GL0005529	FALSE
ClbF	1.9e-67	66.7212463990472	27	MH0002_GL0008495	FALSE
ClbF	1.3e-70	69.8860566476932	30.1	MH0002_GL0039389	FALSE
ClbF	3.4e-70	69.4685210829577	29.7	MH0003_GL0049841	FALSE
ClbF	1.8e-61	60.7447274948967	28.8	MH0003_GL0058614	FALSE
ClbF	4.1e-75	74.3872161432803	31.7	MH0003_GL0068910	FALSE
ClbF	7.6e-71	70.1191864077192	32.1	MH0005_GL0007502	FALSE
ClbF	5.2e-74	73.2839966563652	31.2	MH0006_GL0013364	FALSE
ClbF	3.4e-76	75.4685210829577	32.2	MH0006_GL0102201	FALSE
ClbF	1.1e-53	52.9586073148418	27.7	MH0006_GL0106606	FALSE
ClbF	1.5e-58	57.8239087409443	29.4	MH0006_GL0133759	FALSE
ClbF	1.7e-65	64.7695510786217	29.5	MH0006_GL0211211	FALSE
ClbF	1e-34	34	26.5	MH0009_GL0032728	FALSE
ClbF	4.9e-77	76.3098039199715	31.7	MH0009_GL0070724	FALSE
ClbF	4.1e-71	70.3872161432803	31.2	MH0011_GL0076876	FALSE
ClbF	6.4e-71	70.1938200260161	31.4	MH0012_GL0013815	FALSE
ClbF	3.3e-68	67.4814860601221	30.6	MH0012_GL0052208	FALSE
ClbF	1.2e-68	67.9208187539524	30.4	MH0012_GL0057017	FALSE
ClbF	3e-68	67.5228787452803	31.5	MH0012_GL0057993	FALSE
ClbF	8e-68	67.0969100130081	30.6	MH0012_GL0075161	FALSE
ClbF	2.5e-62	61.602059991328	30.6	MH0012_GL0082703	FALSE
ClbF	6.3e-68	67.2006594505464	30.6	MH0012_GL0095921	FALSE
ClbF	2.6e-63	62.5850266520292	30	MH0012_GL0126519	FALSE
ClbF	3.9e-72	71.4089353929735	31.7	MH0012_GL0151605	FALSE
ClbF	1.3e-66	65.8860566476932	29.8	MH0012_GL0152453	FALSE
ClbF	7.7e-74	73.1135092748275	30.9	MH0012_GL0153800	FALSE
ClbF	1.5e-71	70.8239087409443	31	MH0012_GL0154554	FALSE
ClbF	3.1e-53	52.5086383061657	28.1	MH0012_GL0160552	FALSE
ClbF	7e-74	73.1549019599858	31.2	MH0012_GL0192501	FALSE
ClbF	6.8e-53	52.1674910872938	29.1	MH0013_GL0034468	FALSE
ClbF	2.1e-67	66.6777807052661	29.2	MH0016_GL0018697	FALSE
ClbF	6.5e-65	64.1870866433571	30.9	MH0026_GL0004213	FALSE
ClbF	6.1e-64	63.2146701649892	29.3	MH0032_GL0017170	FALSE
ClbF	1.2e-73	72.9208187539524	30.6	MH0035_GL0001172	FALSE
ClbF	1.3e-73	72.8860566476932	30.2	MH0035_GL0037874	FALSE
ClbF	7.4e-72	71.130768280269	31.6	MH0035_GL0055229	FALSE
ClbF	2.4e-78	77.6197887582884	33.4	MH0044_GL0049779	FALSE
ClbF	2.8e-49	48.5528419686578	25.9	MH0047_GL0021061	FALSE
ClbF	1.2e-33	32.9208187539524	26.5	MH0054_GL0047904	FALSE
ClbF	9.7e-77	76.0132282657338	32.4	MH0055_GL0011037	FALSE
ClbF	3.3e-72	71.4814860601221	30.8	MH0055_GL0046639	FALSE
ClbF	8.5e-71	70.0705810742857	31.2	MH0060_GL0031031	FALSE
ClbF	7.2e-66	65.1426675035687	29.2	MH0060_GL0035718	FALSE
ClbF	1.1e-69	68.9586073148418	30.7	MH0062_GL0016799	FALSE
ClbF	1.8e-75	74.7447274948967	31.9	MH0065_GL0008718	FALSE
ClbF	3.3e-45	44.4814860601221	25.1	MH0069_GL0005165	FALSE
ClbF	1.9e-53	52.7212463990472	27.1	MH0074_GL0067112	FALSE
ClbF	6.3e-70	69.2006594505464	31	MH0079_GL0000577	FALSE
ClbF	5.5e-56	55.2596373105058	29.8	MH0083_GL0015945	FALSE
ClbF	5.7e-77	76.2441251443275	32.2	MH0086_GL0019990	FALSE
ClbF	3.1e-73	72.5086383061657	32.4	MH0086_GL0027155	FALSE
ClbF	9.1e-75	74.0409586076789	31.1	MH0086_GL0044825	FALSE
ClbF	1.2e-52	51.9208187539524	27.2	MH0086_GL0077208	FALSE
ClbF	5e-76	75.301029995664	32.1	MH0088_GL0010457	FALSE
ClbF	1.4e-59	58.8538719643218	28.1	MH0088_GL0013170	FALSE
ClbF	2.4e-66	65.6197887582884	30.6	MH0088_GL0075036	FALSE
ClbF	1.7e-44	43.7695510786217	25.7	MH0092_GL0063486	FALSE
ClbF	1e-240	240	100	MH0093_GL0055987	TRUE
ClbF	1.7e-69	68.7695510786217	30.7	MH0094_GL0022444	FALSE
ClbF	4.7e-67	66.3279021420643	29.3	MH0102_GL0126075	FALSE
ClbF	1.5e-62	61.8239087409443	29.1	MH0103_GL0045822	FALSE
ClbF	1e-59	59	27.8	MH0104_GL0122328	FALSE
ClbF	5.4e-66	65.267606240177	30.4	MH0109_GL0038214	FALSE
ClbF	1.1e-70	69.9586073148418	31	MH0110_GL0016716	FALSE
ClbF	1.2e-75	74.9208187539524	31.5	MH0116_GL0052540	FALSE
ClbF	1.6e-44	43.7958800173441	25.2	MH0117_GL0040418	FALSE
ClbF	4.8e-59	58.3187587626244	27.8	MH0117_GL0053940	FALSE
ClbF	1.4e-68	67.8538719643218	30.9	MH0117_GL0097944	FALSE
ClbF	3e-82	81.5228787452803	33.7	MH0122_GL0010557	FALSE
ClbF	3.2e-67	66.4948500216801	29.4	MH0122_GL0058467	FALSE
ClbF	1e-75	75	30.9	MH0123_GL0033140	FALSE
ClbF	2.5e-66	65.602059991328	31.2	MH0124_GL0105492	FALSE
ClbF	2.2e-76	75.6575773191778	31.9	MH0124_GL0120109	FALSE
ClbF	2.3e-57	56.6382721639824	27.2	MH0125_GL0054976	FALSE
ClbF	2.9e-63	62.537602002101	28.9	MH0126_GL0060799	FALSE
ClbF	1.1e-58	57.9586073148418	27.5	MH0127_GL0039997	FALSE
ClbF	1.4e-69	68.8538719643218	30.7	MH0131_GL0051786	FALSE
ClbF	8.5e-71	70.0705810742857	31.8	MH0131_GL0131011	FALSE
ClbF	1.1e-68	67.9586073148418	30.9	MH0136_GL0064746	FALSE
ClbF	4.2e-69	68.3767507096021	29	MH0139_GL0051281	FALSE
ClbF	2.9e-75	74.537602002101	31.9	MH0143_GL0070712	FALSE
ClbF	3.5e-56	55.4559319556497	27.3	MH0143_GL0096417	FALSE
ClbF	2.1e-68	67.6777807052661	30.3	MH0147_GL0120005	FALSE
ClbF	3.6e-69	68.4436974992327	28.4	MH0147_GL0121340	FALSE
ClbF	3.8e-76	75.4202164033832	31.4	MH0149_GL0065675	FALSE
ClbF	6.5e-75	74.1870866433571	32.6	MH0150_GL0126645	FALSE
ClbF	1.5e-59	58.8239087409443	27.8	MH0151_GL0051933	FALSE
ClbF	9.3e-36	35.0315170514461	25.2	MH0161_GL0065802	FALSE
ClbF	1.1e-58	57.9586073148418	29.4	MH0164_GL0041646	FALSE
ClbF	1.1e-56	55.9586073148418	29.5	MH0164_GL0055627	FALSE
ClbF	2e-76	75.698970004336	31.6	MH0173_GL0071859	FALSE
ClbF	5.6e-70	69.2518119729938	29.5	MH0176_GL0137662	FALSE
ClbF	1.3e-67	66.8860566476932	31	MH0177_GL0079662	FALSE
ClbF	5.1e-67	66.2924298239021	29.5	MH0184_GL0013565	FALSE
ClbF	5.7e-71	70.2441251443275	30.2	MH0187_GL0122559	FALSE
ClbF	1.2e-62	61.9208187539524	30.7	MH0188_GL0004181	FALSE
ClbF	3.7e-70	69.431798275933	31.5	MH0188_GL0092919	FALSE
ClbF	3.7e-74	73.431798275933	31.5	MH0188_GL0102911	FALSE
ClbF	6.8e-74	73.1674910872938	32.1	MH0188_GL0192715	FALSE
ClbF	7.1e-70	69.1487416512809	31	MH0189_GL0023001	FALSE
ClbF	7.9e-58	57.1023729087096	27.5	MH0189_GL0085563	FALSE
ClbF	1.3e-66	65.8860566476932	31	MH0189_GL0137581	FALSE
ClbF	3.5e-65	64.4559319556497	28.4	MH0192_GL0009290	FALSE
ClbF	4.1e-54	53.3872161432803	27	MH0192_GL0016660	FALSE
ClbF	9.3e-58	57.0315170514461	31.8	MH0192_GL0102799	FALSE
ClbF	3.2e-47	46.4948500216801	26.8	MH0193_GL0006190	FALSE
ClbF	5.4e-56	55.267606240177	28.4	MH0193_GL0013196	FALSE
ClbF	2.6e-72	71.5850266520292	30.3	MH0193_GL0050092	FALSE
ClbF	1.2e-71	70.9208187539524	30.6	MH0193_GL0093565	FALSE
ClbF	2.8e-62	61.5528419686578	30.8	MH0195_GL0151545	FALSE
ClbF	3.5e-59	58.4559319556497	27.8	MH0195_GL0154887	FALSE
ClbF	9e-73	72.0457574905607	32.3	MH0196_GL0037061	FALSE
ClbF	6.8e-71	70.1674910872938	32.5	MH0198_GL0154046	FALSE
ClbF	3.1e-73	72.5086383061657	33	MH0200_GL0142180	FALSE
ClbF	6.3e-72	71.2006594505464	31.7	MH0200_GL0203790	FALSE
ClbF	3.2e-74	73.4948500216801	31.2	MH0203_GL0000182	FALSE
ClbF	1.5e-54	53.8239087409443	28.3	MH0203_GL0031428	FALSE
ClbF	1.9e-56	55.7212463990472	27.1	MH0203_GL0043903	FALSE
ClbF	4.4e-64	63.3565473235138	29.5	MH0203_GL0080601	FALSE
ClbF	4.1e-73	72.3872161432803	30.2	MH0203_GL0122165	FALSE
ClbF	2.6e-68	67.5850266520292	29.7	MH0203_GL0195801	FALSE
ClbF	4.2e-72	71.3767507096021	32.6	MH0203_GL0234837	FALSE
ClbF	8.7e-55	54.0604807473814	30.7	MH0203_GL0260298	FALSE
ClbF	2.2e-76	75.6575773191778	31.9	MH0212_GL0025813	FALSE
ClbF	7e-47	46.1549019599857	25.2	MH0221_GL0010699	FALSE
ClbF	5e-57	56.301029995664	28.4	MH0221_GL0041306	FALSE
ClbF	1.5e-69	68.8239087409443	29.7	MH0221_GL0059383	FALSE
ClbF	8.2e-69	68.0861861476163	30.9	MH0224_GL0177440	FALSE
ClbF	8.2e-72	71.0861861476163	30.2	MH0229_GL0143962	FALSE
ClbF	2.8e-64	63.5528419686578	30.8	MH0230_GL0029394	FALSE
ClbF	6.9e-66	65.1611509092627	30.8	MH0230_GL0034062	FALSE
ClbF	4.5e-69	68.3467874862247	29.7	MH0230_GL0113026	FALSE
ClbF	5e-55	54.301029995664	27.3	MH0233_GL0003750	FALSE
ClbF	4.2e-46	45.3767507096021	27.2	MH0233_GL0022730	FALSE
ClbF	5.4e-76	75.267606240177	32.2	MH0233_GL0065778	FALSE
ClbF	4.6e-71	70.3372421683184	31.1	MH0233_GL0066344	FALSE
ClbF	3.5e-69	68.4559319556497	30.4	MH0233_GL0104687	FALSE
ClbF	2.6e-68	67.5850266520292	29.8	MH0238_GL0125114	FALSE
ClbF	3.2e-75	74.4948500216801	32.8	MH0239_GL0022982	FALSE
ClbF	1.1e-52	51.9586073148418	28.1	MH0239_GL0074644	FALSE
ClbF	7.6e-76	75.1191864077192	32	MH0239_GL0160602	FALSE
ClbF	4e-56	55.397940008672	29.5	MH0243_GL0013915	FALSE
ClbF	1.1e-67	66.9586073148418	31.5	MH0243_GL0093639	FALSE
ClbF	1e-70	70	31.2	MH0245_GL0155229	FALSE
ClbF	3.3e-68	67.4814860601221	30.6	MH0246_GL0078243	FALSE
ClbF	4.2e-68	67.3767507096021	29.5	MH0246_GL0111256	FALSE
ClbF	1.5e-72	71.8239087409443	32	MH0246_GL0112799	FALSE
ClbF	5.6e-68	67.2518119729938	30.3	MH0250_GL0236083	FALSE
ClbF	5.1e-68	67.2924298239021	29.5	MH0250_GL0255837	FALSE
ClbF	8.2e-53	52.0861861476163	25.6	MH0251_GL0047561	FALSE
ClbF	2.4e-65	64.6197887582884	29	MH0251_GL0151537	FALSE
ClbF	4.1e-48	47.3872161432803	27.3	MH0252_GL0001976	FALSE
ClbF	2.2e-67	66.6575773191778	29.5	MH0252_GL0014616	FALSE
ClbF	3.2e-69	68.4948500216801	29.5	MH0252_GL0091183	FALSE
ClbF	1.3e-66	65.8860566476932	29.9	MH0252_GL0131345	FALSE
ClbF	4.3e-54	53.3665315444204	27.5	MH0252_GL0139208	FALSE
ClbF	1e-59	59	28.4	MH0252_GL0182440	FALSE
ClbF	1.3e-58	57.8860566476932	27.9	MH0252_GL0184531	FALSE
ClbF	2.3e-74	73.6382721639824	31.2	MH0252_GL0247671	FALSE
ClbF	3.2e-79	78.4948500216801	32.4	MH0257_GL0058001	FALSE
ClbF	1.9e-64	63.7212463990472	29.8	MH0262_GL0097465	FALSE
ClbF	1.9e-72	71.7212463990472	31.3	MH0262_GL0101014	FALSE
ClbF	4e-64	63.397940008672	28.9	MH0265_GL0021366	FALSE
ClbF	1.8e-52	51.7447274948967	26.1	MH0268_GL0095546	FALSE
ClbF	2.3e-54	53.6382721639824	29.4	MH0268_GL0103540	FALSE
ClbF	3.4e-70	69.4685210829577	31	MH0268_GL0156294	FALSE
ClbF	5.7e-66	65.2441251443275	29.2	MH0268_GL0175995	FALSE
ClbF	2.6e-70	69.5850266520292	30.4	MH0270_GL0089771	FALSE
ClbF	1.7e-66	65.7695510786217	30.2	MH0272_GL0092136	FALSE
ClbF	3e-53	52.5228787452803	27.8	MH0274_GL0181770	FALSE
ClbF	3.2e-70	69.4948500216801	31.1	MH0275_GL0073480	FALSE
ClbF	2.2e-66	65.6575773191778	31.1	MH0276_GL0202275	FALSE
ClbF	6.4e-68	67.1938200260161	30.5	MH0277_GL0008100	FALSE
ClbF	9.5e-71	70.0222763947112	31	MH0277_GL0032890	FALSE
ClbF	2.4e-70	69.6197887582884	31.3	MH0277_GL0035683	FALSE
ClbF	1.9e-70	69.7212463990472	31.9	MH0277_GL0041230	FALSE
ClbF	9.5e-69	68.0222763947112	30.7	MH0277_GL0041836	FALSE
ClbF	1.7e-60	59.7695510786217	30.1	MH0277_GL0045624	FALSE
ClbF	1.8e-72	71.7447274948967	31.5	MH0277_GL0055234	FALSE
ClbF	4.6e-74	73.3372421683184	32.2	MH0280_GL0059276	FALSE
ClbF	8.5e-69	68.0705810742857	30.5	MH0284_GL0043440	FALSE
ClbF	2.6e-68	67.5850266520292	29.8	MH0284_GL0111603	FALSE
ClbF	3.6e-59	58.4436974992327	27.3	MH0286_GL0082827	FALSE
ClbF	2.6e-64	63.5850266520292	28	MH0286_GL0114072	FALSE
ClbF	5.5e-57	56.2596373105058	27.8	MH0286_GL0132662	FALSE
ClbF	1e-68	68	30.6	MH0286_GL0146985	FALSE
ClbF	1.4e-63	62.8538719643218	30	MH0287_GL0111313	FALSE
ClbF	7.4e-64	63.130768280269	29	MH0292_GL0124449	FALSE
ClbF	9.9e-106	105.004364805402	35.3	MH0293_GL0181009	FALSE
ClbF	6.7e-72	71.1739251972992	31.7	MH0301_GL0030097	FALSE
ClbF	2.6e-69	68.5850266520292	28.2	MH0301_GL0112039	FALSE
ClbF	8.7e-71	70.0604807473814	32	MH0302_GL0093325	FALSE
ClbF	2.3e-61	60.6382721639824	30.8	MH0303_GL0191469	FALSE
ClbF	1.4e-69	68.8538719643218	32.5	MH0303_GL0213353	FALSE
ClbF	1.4e-48	47.8538719643218	25.9	MH0308_GL0167863	FALSE
ClbF	6.9e-72	71.1611509092627	32.1	MH0310_GL0015290	FALSE
ClbF	2.7e-69	68.568636235841	31.5	MH0311_GL0003682	FALSE
ClbF	7.1e-61	60.1487416512809	30.5	MH0315_GL0097643	FALSE
ClbF	3.6e-68	67.4436974992327	30.4	MH0318_GL0047899	FALSE
ClbF	1.2e-67	66.9208187539524	30.6	MH0318_GL0089002	FALSE
ClbF	6.9e-74	73.1611509092627	31.1	MH0318_GL0115309	FALSE
ClbF	1e-68	68	29.7	MH0318_GL0240728	FALSE
ClbF	6.8e-74	73.1674910872938	32.6	MH0318_GL0245139	FALSE
ClbF	1.3e-71	70.8860566476932	30	MH0323_GL0127395	FALSE
ClbF	2.5e-55	54.602059991328	25.6	MH0328_GL0092306	FALSE
ClbF	5.9e-75	74.2291479883579	32.7	MH0329_GL0137648	FALSE
ClbF	4.8e-74	73.3187587626244	31.5	MH0329_GL0189239	FALSE
ClbF	2.8e-50	49.5528419686578	27.5	MH0333_GL0027875	FALSE
ClbF	2.4e-70	69.6197887582884	31.7	MH0333_GL0055186	FALSE
ClbF	1.5e-65	64.8239087409443	29	MH0333_GL0096178	FALSE
ClbF	5.9e-65	64.2291479883579	29.4	MH0333_GL0096189	FALSE
ClbF	1.6e-66	65.7958800173441	30.6	MH0335_GL0103407	FALSE
ClbF	3.3e-70	69.4814860601221	31.3	MH0336_GL0040367	FALSE
ClbF	2.7e-50	49.568636235841	26.7	MH0336_GL0041200	FALSE
ClbF	1e-68	68	29.6	MH0336_GL0046840	FALSE
ClbF	6.5e-62	61.1870866433571	30.8	MH0338_GL0104375	FALSE
ClbF	1e-58	58	30.7	MH0343_GL0061916	FALSE
ClbF	1.9e-51	50.7212463990472	25.3	MH0343_GL0164112	FALSE
ClbF	6.3e-56	55.2006594505464	26.9	MH0343_GL0168595	FALSE
ClbF	1.8e-68	67.7447274948967	29.9	MH0343_GL0202081	FALSE
ClbF	1.5e-58	57.8239087409443	27.6	MH0347_GL0010861	FALSE
ClbF	6e-54	53.2218487496164	29	MH0347_GL0044526	FALSE
ClbF	1.8e-71	70.7447274948967	30.5	MH0351_GL0017718	FALSE
ClbF	3.2e-65	64.4948500216801	30.2	MH0351_GL0103052	FALSE
ClbF	6.6e-60	59.1804560644581	29.4	MH0354_GL0000023	FALSE
ClbF	1.1e-61	60.9586073148418	28.4	MH0354_GL0009346	FALSE
ClbF	4.9e-65	64.3098039199715	29	MH0354_GL0031180	FALSE
ClbF	6.1e-61	60.2146701649892	28.8	MH0354_GL0038165	FALSE
ClbF	2.9e-61	60.537602002101	30.4	MH0354_GL0048773	FALSE
ClbF	6.5e-52	51.1870866433571	25.8	MH0354_GL0120944	FALSE
ClbF	7.1e-33	32.1487416512809	25.1	MH0354_GL0139652	FALSE
ClbF	4.4e-72	71.3565473235138	32.1	MH0357_GL0096360	FALSE
ClbF	7.5e-58	57.1249387366083	28.9	MH0358_GL0011759	FALSE
ClbF	2.2e-50	49.6575773191778	28.5	MH0358_GL0054378	FALSE
ClbF	2.8e-59	58.5528419686578	29.2	MH0358_GL0121508	FALSE
ClbF	4.5e-67	66.3467874862247	31	MH0358_GL0139221	FALSE
ClbF	3.4e-74	73.4685210829577	31.2	MH0360_GL0087545	FALSE
ClbF	2.1e-74	73.6777807052661	31.8	MH0360_GL0129402	FALSE
ClbF	1.7e-68	67.7695510786217	28.5	MH0365_GL0005209	FALSE
ClbF	6.3e-62	61.2006594505464	28.4	MH0366_GL0061215	FALSE
ClbF	2.3e-59	58.6382721639824	29.2	MH0367_GL0159834	FALSE
ClbF	6.6e-48	47.1804560644581	26	MH0370_GL0011010	FALSE
ClbF	1.8e-63	62.7447274948967	29	MH0370_GL0046200	FALSE
ClbF	4.6e-72	71.3372421683184	29.7	MH0370_GL0100178	FALSE
ClbF	1.7e-72	71.7695510786217	31	MH0370_GL0126532	FALSE
ClbF	3.2e-59	58.4948500216801	29.1	MH0372_GL0006101	FALSE
ClbF	1.5e-57	56.8239087409443	28	MH0372_GL0006105	FALSE
ClbF	1.6e-60	59.7958800173441	29.3	MH0372_GL0009744	FALSE
ClbF	2e-67	66.698970004336	29.2	MH0372_GL0029775	FALSE
ClbF	4e-79	78.397940008672	33.1	MH0372_GL0088572	FALSE
ClbF	4.2e-61	60.3767507096021	29.3	MH0372_GL0091376	FALSE
ClbF	1.1e-59	58.9586073148418	29.4	MH0372_GL0109874	FALSE
ClbF	2.3e-69	68.6382721639824	29.1	MH0373_GL0090370	FALSE
ClbF	8.5e-74	73.0705810742857	30.8	MH0373_GL0092089	FALSE
ClbF	8.2e-54	53.0861861476163	27.1	MH0373_GL0151348	FALSE
ClbF	9.7e-68	67.0132282657338	30.5	MH0379_GL0091554	FALSE
ClbF	1.7e-58	57.7695510786217	28.1	MH0382_GL0000449	FALSE
ClbF	6.5e-77	76.1870866433571	31.6	MH0382_GL0020440	FALSE
ClbF	4.2e-57	56.3767507096021	29.6	MH0382_GL0037666	FALSE
ClbF	8.7e-50	49.0604807473814	25.8	MH0382_GL0079217	FALSE
ClbF	2.8e-75	74.5528419686578	31.2	MH0382_GL0118450	FALSE
ClbF	1.2e-68	67.9208187539524	31	MH0382_GL0171779	FALSE
ClbF	1.1e-68	67.9586073148418	30.5	MH0383_GL0068256	FALSE
ClbF	6.7e-71	70.1739251972992	32.1	MH0384_GL0079990	FALSE
ClbF	5.4e-72	71.267606240177	29.5	MH0385_GL0034765	FALSE
ClbF	9.4e-74	73.0268721464003	31.6	MH0385_GL0110606	FALSE
ClbF	4.9e-62	61.3098039199715	28.4	MH0388_GL0039068	FALSE
ClbF	5.7e-73	72.2441251443275	32.5	MH0388_GL0132998	FALSE
ClbF	1.1e-69	68.9586073148418	30.9	MH0389_GL0049740	FALSE
ClbF	1.5e-74	73.8239087409443	31.9	MH0389_GL0054465	FALSE
ClbF	4.8e-48	47.3187587626244	25.9	MH0389_GL0072874	FALSE
ClbF	4.7e-77	76.3279021420643	33	MH0389_GL0153658	FALSE
ClbF	9e-58	57.0457574905607	27.1	MH0390_GL0163135	FALSE
ClbF	1.4e-67	66.8538719643218	29.2	MH0390_GL0182053	FALSE
ClbF	1.8e-73	72.7447274948967	32.6	MH0396_GL0051979	FALSE
ClbF	2.1e-60	59.6777807052661	27.4	MH0396_GL0117106	FALSE
ClbF	3.9e-68	67.4089353929735	27.9	MH0397_GL0187216	FALSE
ClbF	2.1e-61	60.6777807052661	28.4	MH0402_GL0013505	FALSE
ClbF	6.5e-54	53.1870866433571	25.2	MH0404_GL0034228	FALSE
ClbF	1.3e-72	71.8860566476932	32	MH0406_GL0045235	FALSE
ClbF	1.2e-75	74.9208187539524	32.6	MH0411_GL0102777	FALSE
ClbF	2.3e-69	68.6382721639824	29.6	MH0413_GL0010628	FALSE
ClbF	2.2e-46	45.6575773191778	27	MH0413_GL0078021	FALSE
ClbF	1.2e-74	73.9208187539524	31.2	MH0419_GL0021133	FALSE
ClbF	2.6e-75	74.5850266520292	31.7	MH0419_GL0045689	FALSE
ClbF	1.1e-48	47.9586073148418	26.7	MH0419_GL0127100	FALSE
ClbF	2.2e-64	63.6575773191778	28.6	MH0420_GL0069482	FALSE
ClbF	3.7e-54	53.431798275933	29.1	MH0422_GL0158432	FALSE
ClbF	2.7e-48	47.568636235841	25.2	MH0428_GL0088061	FALSE
ClbF	4.1e-71	70.3872161432803	30.4	MH0428_GL0167466	FALSE
ClbF	3.6e-49	48.4436974992327	25.4	MH0430_GL0157500	FALSE
ClbF	6.1e-73	72.2146701649892	29.2	MH0431_GL0151068	FALSE
ClbF	3.7e-69	68.431798275933	30.2	MH0432_GL0160621	FALSE
ClbF	1.3e-52	51.8860566476932	25.8	MH0433_GL0074951	FALSE
ClbF	1.6e-67	66.7958800173441	27.4	MH0433_GL0075407	FALSE
ClbF	7.4e-51	50.130768280269	27.8	MH0433_GL0125310	FALSE
ClbF	1.5e-37	36.8239087409443	25.4	MH0433_GL0175064	FALSE
ClbF	2.2e-49	48.6575773191778	27.7	MH0433_GL0175526	FALSE
ClbF	5.6e-71	70.2518119729938	31.2	MH0433_GL0179603	FALSE
ClbF	1.9e-42	41.7212463990472	26.2	MH0433_GL0205055	FALSE
ClbF	2.7e-64	63.568636235841	28.3	MH0433_GL0205072	FALSE
ClbF	1.3e-60	59.8860566476932	30.2	MH0435_GL0001024	FALSE
ClbF	2.6e-52	51.5850266520292	28	MH0435_GL0051061	FALSE
ClbF	2e-64	63.698970004336	28.4	MH0435_GL0053824	FALSE
ClbF	4.3e-54	53.3665315444204	28.7	MH0435_GL0112227	FALSE
ClbF	2.6e-58	57.5850266520292	29.1	MH0435_GL0139137	FALSE
ClbF	1.1e-53	52.9586073148418	29.7	MH0435_GL0168847	FALSE
ClbF	3.2e-75	74.4948500216801	31.6	MH0437_GL0073993	FALSE
ClbF	5.4e-72	71.267606240177	31.1	MH0437_GL0109206	FALSE
ClbF	6.1e-64	63.2146701649892	27.9	MH0439_GL0038626	FALSE
ClbF	1.1e-58	57.9586073148418	29.1	MH0439_GL0169322	FALSE
ClbF	8.9e-59	58.0506099933551	26.9	MH0439_GL0213286	FALSE
ClbF	6.6e-72	71.1804560644581	30.2	MH0441_GL0003699	FALSE
ClbF	1.3e-64	63.8860566476932	29.3	MH0447_GL0000301	FALSE
ClbF	1.3e-67	66.8860566476932	30.5	MH0447_GL0272037	FALSE
ClbF	4.6e-72	71.3372421683184	32	MH0448_GL0112838	FALSE
ClbF	1.5e-70	69.8239087409443	30.7	MH0448_GL0203603	FALSE
ClbF	3.6e-73	72.4436974992327	31.7	MH0448_GL0243625	FALSE
ClbF	3.6e-69	68.4436974992327	28.4	MH0450_GL0015576	FALSE
ClbF	1.4e-69	68.8538719643218	31.1	MH0451_GL0039832	FALSE
ClbF	4.2e-54	53.3767507096021	26.9	N002A_GL0061177	FALSE
ClbF	6.9e-64	63.1611509092627	28.8	N009A_GL0030333	FALSE
ClbF	1.7e-68	67.7695510786217	30.2	N049A_GL0056811	FALSE
ClbF	3.2e-73	72.4948500216801	30.7	NLF001_GL0047264	FALSE
ClbF	2.4e-59	58.6197887582884	26.4	NLM004_GL0026511	FALSE
ClbF	4.4e-71	70.3565473235138	28.3	NLM006_GL0045196	FALSE
ClbF	1.7e-55	54.7695510786217	25.3	NLM007_GL0016271	FALSE
ClbF	9.8e-73	72.0087739243075	28.5	NLM008_GL0047541	FALSE
ClbF	3.1e-69	68.5086383061657	30.1	NLM010_GL0075185	FALSE
ClbF	7.6e-73	72.1191864077192	32	NLM023_GL0074138	FALSE
ClbF	1.5e-51	50.8239087409443	26.6	NOF007_GL0048882	FALSE
ClbF	7.5e-64	63.1249387366083	29.2	NOM004_GL0026426	FALSE
ClbF	9.6e-72	71.0177287669604	31.4	NOM026_GL0021688	FALSE
ClbF	3.2e-74	73.4948500216801	33.5	O2.CD2-0-PT_GL0080770	FALSE
ClbF	2.3e-72	71.6382721639824	32.1	O2.CD3-0-PT_GL0012949	FALSE
ClbF	5.4e-55	54.267606240177	28.5	O2.CD3-0-PT_GL0033494	FALSE
ClbF	4.1e-72	71.3872161432803	31.6	O2.CD3-0-PT_GL0040965	FALSE
ClbF	2.5e-71	70.602059991328	31.8	O2.CD3-0-PT_GL0057076	FALSE
ClbF	3.2e-57	56.4948500216801	28.2	O2.CD3-0-PT_GL0148825	FALSE
ClbF	2.4e-71	70.6197887582884	31.5	O2.CD3-0-PT_GL0160445	FALSE
ClbF	5.1e-60	59.2924298239021	29	O2.CD3-0-PT_GL0170373	FALSE
ClbF	5.9e-76	75.2291479883579	32	O2.CD3-0-PT_GL0195133	FALSE
ClbF	7.2e-68	67.1426675035687	30.2	O2.UC1-0_GL0017553	FALSE
ClbF	5.8e-56	55.2365720064371	26.3	O2.UC1-2_GL0069019	FALSE
ClbF	1.6e-51	50.7958800173441	25.3	O2.UC1-2_GL0120113	FALSE
ClbF	1.1e-57	56.9586073148418	28.4	O2.UC11-1_GL0029509	FALSE
ClbF	2e-28	27.698970004336	25.1	O2.UC11-1_GL0029512	FALSE
ClbF	1.9e-72	71.7212463990472	32.6	O2.UC11-1_GL0127182	FALSE
ClbF	2e-49	48.698970004336	26.1	O2.UC11-2_GL0122969	FALSE
ClbF	3.8e-70	69.4202164033832	30.7	O2.UC12-2_GL0124162	FALSE
ClbF	1.1e-60	59.9586073148418	28	O2.UC13-2_GL0003388	FALSE
ClbF	6.1e-67	66.2146701649892	30.4	O2.UC15-1_GL0105193	FALSE
ClbF	1.8e-64	63.7447274948967	28.7	O2.UC16-1_GL0114221	FALSE
ClbF	7.6e-66	65.1191864077192	31.1	O2.UC18-1_GL0051848	FALSE
ClbF	3.4e-70	69.4685210829577	29.9	O2.UC19-2_GL0036041	FALSE
ClbF	4.8e-72	71.3187587626244	32.8	O2.UC19-2_GL0058345	FALSE
ClbF	5e-34	33.301029995664	27.1	O2.UC2-1_GL0120437	FALSE
ClbF	2.6e-66	65.5850266520292	28.8	O2.UC2-2_GL0059008	FALSE
ClbF	3.5e-25	24.4559319556497	27	O2.UC20-1_GL0068826	FALSE
ClbF	2.4e-70	69.6197887582884	30.9	O2.UC21-2_GL0123003	FALSE
ClbF	3e-51	50.5228787452803	25.5	O2.UC23-2_GL0023344	FALSE
ClbF	5.6e-57	56.2518119729938	29.9	O2.UC24-2_GL0011872	FALSE
ClbF	5.1e-35	34.2924298239021	26.5	O2.UC24-2_GL0017081	FALSE
ClbF	4e-70	69.397940008672	30.9	O2.UC26-0_GL0026888	FALSE
ClbF	1.8e-61	60.7447274948967	30.1	O2.UC26-2_GL0054152	FALSE
ClbF	7.6e-78	77.1191864077192	33	O2.UC27-0_GL0110742	FALSE
ClbF	7.2e-71	70.1426675035687	30.5	O2.UC28-1_GL0174977	FALSE
ClbF	5e-71	70.301029995664	32.3	O2.UC30-1_GL0033925	FALSE
ClbF	1.5e-61	60.8239087409443	30.7	O2.UC30-2_GL0003755	FALSE
ClbF	2.4e-75	74.6197887582884	32.7	O2.UC31-1_GL0135928	FALSE
ClbF	9e-75	74.0457574905607	32.6	O2.UC32-1_GL0046318	FALSE
ClbF	6.6e-72	71.1804560644581	32	O2.UC32-1_GL0089094	FALSE
ClbF	1.9e-67	66.7212463990472	29.4	O2.UC32-1_GL0101315	FALSE
ClbF	5.1e-60	59.2924298239021	26.4	O2.UC36-0_GL0091633	FALSE
ClbF	2.1e-67	66.6777807052661	29.7	O2.UC37-1_GL0094937	FALSE
ClbF	4e-70	69.397940008672	31.6	O2.UC38-1_GL0017729	FALSE
ClbF	3.1e-67	66.5086383061657	30	O2.UC38-1_GL0092295	FALSE
ClbF	1.2e-58	57.9208187539524	29.4	O2.UC38-1_GL0169867	FALSE
ClbF	1.3e-49	48.8860566476932	25.9	O2.UC40-1_GL0047011	FALSE
ClbF	1.2e-72	71.9208187539524	32.6	O2.UC43-1_GL0056584	FALSE
ClbF	1.5e-67	66.8239087409443	29.5	O2.UC44-2_GL0138416	FALSE
ClbF	1.5e-64	63.8239087409443	30.2	O2.UC44-2_GL0168388	FALSE
ClbF	6.3e-69	68.2006594505464	30.8	O2.UC46-0_GL0034374	FALSE
ClbF	2.1e-73	72.6777807052661	31.2	O2.UC46-1_GL0039054	FALSE
ClbF	1.6e-56	55.7958800173441	29.4	O2.UC46-1_GL0054221	FALSE
ClbF	1.5e-57	56.8239087409443	27	O2.UC47-0_GL0109001	FALSE
ClbF	4e-56	55.397940008672	26.8	O2.UC47-1_GL0191085	FALSE
ClbF	7.7e-37	36.1135092748275	25.8	O2.UC48-0_GL0026589	FALSE
ClbF	1.8e-50	49.7447274948967	27.3	O2.UC48-0_GL0102815	FALSE
ClbF	2.6e-60	59.5850266520292	31.1	O2.UC48-0_GL0108566	FALSE
ClbF	8.9e-26	25.0506099933551	25.9	O2.UC48-0_GL0234793	FALSE
ClbF	1.8e-65	64.7447274948967	30.8	O2.UC48-0_GL0317616	FALSE
ClbF	3.9e-59	58.4089353929735	30.2	O2.UC48-1_GL0105198	FALSE
ClbF	7.1e-61	60.1487416512809	27.6	O2.UC49-0_GL0142100	FALSE
ClbF	5.3e-79	78.2757241303992	32.4	O2.UC49-0_GL0152293	FALSE
ClbF	7.8e-65	64.1079053973095	32	O2.UC5-1_GL0007971	FALSE
ClbF	1.1e-57	56.9586073148418	26	O2.UC52-0_GL0122832	FALSE
ClbF	7.9e-63	62.1023729087096	28.1	O2.UC6-1_GL0116981	FALSE
ClbF	1e-73	73	31.5	O2.UC6-2_GL0056827	FALSE
ClbF	1.5e-61	60.8239087409443	29.3	O2.UC60-0_GL0059562	FALSE
ClbF	4.6e-72	71.3372421683184	32.5	O2.UC7-0_GL0004309	FALSE
ClbF	1.4e-24	23.8538719643218	25.5	O2.UC7-0_GL0072733	FALSE
ClbF	4.9e-52	51.3098039199715	27.2	O2.UC7-0_GL0110312	FALSE
ClbF	7.5e-76	75.1249387366083	31.3	O2.UC7-0_GL0141880	FALSE
ClbF	1.3e-41	40.8860566476932	26.3	O2.UC7-1_GL0090756	FALSE
ClbF	1.1e-72	71.9586073148418	31.2	O2.UC7-1_GL0149991	FALSE
ClbF	3e-69	68.5228787452803	30.6	O2.UC8-0_GL0061370	FALSE
ClbF	2.9e-72	71.537602002101	32.1	O2.UC8-1_GL0048296	FALSE
ClbF	1.6e-55	54.7958800173441	25.8	O2.UC8-1_GL0147767	FALSE
ClbF	1.8e-72	71.7447274948967	31.7	O2.UC8-2_GL0201661	FALSE
ClbF	1.2e-70	69.9208187539524	26.2	O2.UC9-2_GL0082873	FALSE
ClbF	8.5e-59	58.0705810742857	28.3	SZEY-10A_GL0062152	FALSE
ClbF	5.4e-64	63.267606240177	27.9	SZEY-20A_GL0009523	FALSE
ClbF	6.7e-59	58.1739251972992	28.7	SZEY-20A_GL0028540	FALSE
ClbF	4e-56	55.397940008672	29.5	SZEY-20A_GL0046629	FALSE
ClbF	2.8e-54	53.5528419686578	28.3	SZEY-35A_GL0014745	FALSE
ClbF	6.2e-72	71.2076083105017	31.6	SZEY-40A_GL0077983	FALSE
ClbF	3.1e-63	62.5086383061657	28.7	SZEY-41A_GL0002537	FALSE
ClbF	2.1e-69	68.6777807052661	30.9	SZEY-62A_GL0102810	FALSE
ClbF	1.4e-49	48.8538719643218	26.4	SZEY-69A_GL0050252	FALSE
ClbF	6.1e-71	70.2146701649892	31.2	SZEY-93A_GL0019242	FALSE
ClbF	3.1e-58	57.5086383061657	25.4	T2D-106A_GL0037715	FALSE
ClbF	2.7e-69	68.568636235841	30.4	T2D-108A_GL0151063	FALSE
ClbF	1.3e-73	72.8860566476932	33.9	T2D-114A_GL0001089	FALSE
ClbF	1.3e-65	64.8860566476932	27.9	T2D-118A_GL0018123	FALSE
ClbF	6.7e-54	53.1739251972992	28	T2D-11A_GL0002137	FALSE
ClbF	3.9e-65	64.4089353929735	30	T2D-11A_GL0089312	FALSE
ClbF	2.3e-66	65.6382721639824	31	T2D-11A_GL0107587	FALSE
ClbF	4.5e-40	39.3467874862247	25.6	T2D-11A_GL0154267	FALSE
ClbF	3.4e-70	69.4685210829577	29.9	T2D-120A_GL0043704	FALSE
ClbF	7.1e-51	50.1487416512809	27.6	T2D-122A_GL0068447	FALSE
ClbF	8.3e-48	47.0809219076239	25.9	T2D-135A_GL0106578	FALSE
ClbF	1.3e-73	72.8860566476932	31.7	T2D-142A_GL0082436	FALSE
ClbF	1.8e-72	71.7447274948967	31.6	T2D-150A_GL0026299	FALSE
ClbF	5.1e-56	55.2924298239021	27.5	T2D-154A_GL0007205	FALSE
ClbF	3.8e-62	61.4202164033832	30.5	T2D-156A_GL0017213	FALSE
ClbF	1.8e-67	66.7447274948967	29.7	T2D-173A_GL0000592	FALSE
ClbF	1.2e-48	47.9208187539524	26.6	T2D-176A_GL0006850	FALSE
ClbF	1.9e-58	57.7212463990472	27.3	T2D-176A_GL0023795	FALSE
ClbF	1.5e-58	57.8239087409443	27.7	T2D-176A_GL0025680	FALSE
ClbF	7.5e-61	60.1249387366083	30.1	T2D-176A_GL0028277	FALSE
ClbF	1.3e-64	63.8860566476932	29.6	T2D-203A_GL0032469	FALSE
ClbF	1.8e-52	51.7447274948967	25.6	T2D-207A_GL0024074	FALSE
ClbF	1.8e-77	76.7447274948967	32.1	T2D-29A_GL0094080	FALSE
ClbF	1.7e-77	76.7695510786217	33.3	T2D-29A_GL0106551	FALSE
ClbF	1.2e-78	77.9208187539524	33	T2D-31A_GL0092984	FALSE
ClbF	7e-54	53.1549019599857	27	T2D-31A_GL0095866	FALSE
ClbF	1.7e-45	44.7695510786217	25.8	T2D-35A_GL0054003	FALSE
ClbF	2.1e-62	61.6777807052661	27.6	T2D-47A_GL0049148	FALSE
ClbF	7.5e-71	70.1249387366083	30.6	T2D-47A_GL0107552	FALSE
ClbF	1.5e-58	57.8239087409443	28.9	T2D-51A_GL0086261	FALSE
ClbF	3e-69	68.5228787452803	31.9	T2D-51A_GL0094572	FALSE
ClbF	3.2e-62	61.4948500216801	30.6	T2D-57A_GL0018239	FALSE
ClbF	8.8e-58	57.0555173278498	28.7	T2D-59A_GL0134738	FALSE
ClbF	6.7e-62	61.1739251972992	28.4	T2D-61A_GL0006354	FALSE
ClbF	1.1e-52	51.9586073148418	27	T2D-61A_GL0019932	FALSE
ClbF	3.7e-65	64.431798275933	30.7	T2D-61A_GL0036960	FALSE
ClbF	1.9e-60	59.7212463990472	28.8	T2D-63A_GL0012740	FALSE
ClbF	4.1e-65	64.3872161432803	29.9	T2D-63A_GL0060953	FALSE
ClbF	4.5e-68	67.3467874862247	30.9	T2D-73A_GL0008664	FALSE
ClbF	9e-74	73.0457574905607	32	T2D-73A_GL0009144	FALSE
ClbF	1e-52	52	29.1	T2D-77A_GL0035442	FALSE
ClbF	7.4e-74	73.130768280269	32.8	T2D-78A_GL0049678	FALSE
ClbF	2.8e-58	57.5528419686578	26.1	T2D-78A_GL0126601	FALSE
ClbF	4.9e-50	49.3098039199715	25.9	T2D-91A_GL0074245	FALSE
ClbF	3.5e-65	64.4559319556497	29.2	T2D-91A_GL0102643	FALSE
ClbF	1.4e-73	72.8538719643218	32.2	V1.CD11-0_GL0045210	FALSE
ClbF	1.4e-74	73.8538719643218	31.1	V1.CD12-3_GL0042717	FALSE
ClbF	1e-71	71	31.5	V1.CD15-3_GL0066991	FALSE
ClbF	2.4e-70	69.6197887582884	30.3	V1.CD16-0_GL0016253	FALSE
ClbF	3.2e-53	52.4948500216801	26.6	V1.CD16-0_GL0059144	FALSE
ClbF	7.5e-53	52.1249387366083	26.4	V1.CD16-0_GL0062348	FALSE
ClbF	5.3e-74	73.2757241303992	33.2	V1.CD16-0_GL0089666	FALSE
ClbF	3.9e-70	69.4089353929735	31.8	V1.CD16-0_GL0102122	FALSE
ClbF	7.2e-61	60.1426675035687	28.4	V1.CD17-4_GL0039479	FALSE
ClbF	2.3e-73	72.6382721639824	32	V1.CD18-3_GL0016453	FALSE
ClbF	2.8e-54	53.5528419686578	26	V1.CD18-3_GL0019160	FALSE
ClbF	4.1e-73	72.3872161432803	31.8	V1.CD18-3_GL0048429	FALSE
ClbF	4.2e-62	61.3767507096021	29.2	V1.CD2-0-PN_GL0033236	FALSE
ClbF	9.8e-58	57.0087739243075	28.7	V1.CD21-4_GL0105507	FALSE
ClbF	1.8e-69	68.7447274948967	29.1	V1.CD21-4_GL0106455	FALSE
ClbF	7.9e-57	56.1023729087096	28.6	V1.CD22-0_GL0199898	FALSE
ClbF	2.9e-49	48.537602002101	25.9	V1.CD25-0_GL0011719	FALSE
ClbF	3.4e-52	51.4685210829577	29	V1.CD25-4_GL0160788	FALSE
ClbF	3.8e-52	51.4202164033832	28.4	V1.CD3-0-PN_GL0044428	FALSE
ClbF	1.3e-60	59.8860566476932	29.9	V1.CD3-0-PN_GL0096679	FALSE
ClbF	5.3e-56	55.2757241303992	25.8	V1.CD3-0-PN_GL0132804	FALSE
ClbF	5.6e-61	60.2518119729938	27.4	V1.CD3-0-PT_GL0007009	FALSE
ClbF	6.3e-70	69.2006594505464	32.1	V1.CD3-0-PT_GL0010817	FALSE
ClbF	1.1e-59	58.9586073148418	31.7	V1.CD3-0-PT_GL0019604	FALSE
ClbF	4.6e-48	47.3372421683184	25.3	V1.CD3-0-PT_GL0024539	FALSE
ClbF	2.6e-74	73.5850266520292	31.4	V1.CD3-0-PT_GL0055490	FALSE
ClbF	4.9e-45	44.3098039199715	26.7	V1.CD32-0_GL0074530	FALSE
ClbF	7.5e-62	61.1249387366083	29.2	V1.CD35-0_GL0014200	FALSE
ClbF	1.2e-65	64.9208187539524	28.9	V1.CD35-0_GL0037892	FALSE
ClbF	1e-28	28	25.8	V1.CD4-0-PN_GL0040628	FALSE
ClbF	9.8e-52	51.0087739243075	27.4	V1.CD43-0_GL0071847	FALSE
ClbF	3.6e-54	53.4436974992327	28.7	V1.CD44-0_GL0006613	FALSE
ClbF	8e-73	72.0969100130081	31.2	V1.CD44-0_GL0006686	FALSE
ClbF	1.5e-76	75.8239087409443	30.6	V1.CD46-0_GL0135326	FALSE
ClbF	4.8e-60	59.3187587626244	27.8	V1.CD52-0_GL0173502	FALSE
ClbF	3.2e-60	59.4948500216801	27.6	V1.CD52-0_GL0218605	FALSE
ClbF	3.6e-72	71.4436974992327	30	V1.CD54-0_GL0003833	FALSE
ClbF	5.9e-62	61.2291479883579	29.5	V1.CD54-0_GL0003836	FALSE
ClbF	9.3e-53	52.0315170514461	28.9	V1.CD54-0_GL0011437	FALSE
ClbF	9.8e-63	62.0087739243075	30.8	V1.CD54-0_GL0011501	FALSE
ClbF	2.3e-67	66.6382721639824	30.7	V1.CD54-0_GL0012886	FALSE
ClbF	9e-71	70.0457574905607	25.5	V1.CD54-0_GL0042088	FALSE
ClbF	5.3e-55	54.2757241303992	27.3	V1.CD54-0_GL0058395	FALSE
ClbF	1.5e-54	53.8239087409443	28.1	V1.CD54-0_GL0060534	FALSE
ClbF	1.3e-67	66.8860566476932	30.1	V1.CD54-0_GL0063184	FALSE
ClbF	2.1e-70	69.6777807052661	29.9	V1.CD54-0_GL0068327	FALSE
ClbF	6.2e-68	67.2076083105017	32	V1.CD54-0_GL0071655	FALSE
ClbF	2e-78	77.698970004336	33	V1.CD54-0_GL0129316	FALSE
ClbF	3.9e-68	67.4089353929735	29.6	V1.CD54-0_GL0136821	FALSE
ClbF	8.6e-74	73.0655015487564	30.8	V1.CD6-0-PT_GL0138647	FALSE
ClbF	1.2e-53	52.9208187539524	26.2	V1.CD6-0-PT_GL0238114	FALSE
ClbF	2.2e-47	46.6575773191778	26.6	V1.CD7-4_GL0056901	FALSE
ClbF	7.8e-68	67.1079053973095	31.2	V1.FI02_GL0197767	FALSE
ClbF	4.3e-69	68.3665315444204	30.1	V1.FI02_GL0197771	FALSE
ClbF	1.3e-56	55.8860566476932	27.5	V1.FI04_GL0001987	FALSE
ClbF	3.5e-70	69.4559319556497	31.2	V1.FI04_GL0083125	FALSE
ClbF	3.2e-36	35.4948500216801	26.7	V1.FI06_GL0085692	FALSE
ClbF	4e-65	64.397940008672	29.6	V1.FI10_GL0006292	FALSE
ClbF	6.7e-68	67.1739251972992	30	V1.FI11_GL0106204	FALSE
ClbF	2.5e-68	67.602059991328	29.8	V1.FI11_GL0165337	FALSE
ClbF	1.1e-48	47.9586073148418	25.1	V1.FI13_GL0151273	FALSE
ClbF	6.5e-59	58.1870866433571	30.4	V1.FI14_GL0065324	FALSE
ClbF	1.3e-69	68.8860566476932	29.1	V1.FI14_GL0155271	FALSE
ClbF	2.4e-42	41.6197887582884	25.6	V1.FI14_GL0254163	FALSE
ClbF	2.5e-74	73.602059991328	31.5	V1.FI17_GL0071368	FALSE
ClbF	4.2e-41	40.3767507096021	26.2	V1.FI17_GL0078901	FALSE
ClbF	5.2e-71	70.2839966563652	32.3	V1.FI17_GL0090650	FALSE
ClbF	1.4e-67	66.8538719643218	30.5	V1.FI17_GL0091415	FALSE
ClbF	1.1e-54	53.9586073148418	29.8	V1.FI17_GL0103950	FALSE
ClbF	4.7e-74	73.3279021420643	31.5	V1.FI17_GL0119609	FALSE
ClbF	1.5e-65	64.8239087409443	30.2	V1.FI17_GL0129460	FALSE
ClbF	1.8e-64	63.7447274948967	30.3	V1.FI17_GL0142298	FALSE
ClbF	5.6e-64	63.2518119729938	29.4	V1.FI17_GL0163345	FALSE
ClbF	1.6e-54	53.7958800173441	25.3	V1.FI17_GL0169565	FALSE
ClbF	6.6e-65	64.1804560644581	31	V1.FI17_GL0172024	FALSE
ClbF	7.2e-63	62.1426675035687	29.2	V1.FI17_GL0179277	FALSE
ClbF	5.8e-56	55.2365720064371	28.3	V1.FI17_GL0211086	FALSE
ClbF	2.8e-63	62.5528419686578	29.5	V1.FI17_GL0218368	FALSE
ClbF	6.9e-79	78.1611509092627	33.3	V1.FI17_GL0228192	FALSE
ClbF	2.3e-61	60.6382721639824	29.1	V1.FI18_GL0056718	FALSE
ClbF	3.2e-64	63.4948500216801	28.6	V1.FI18_GL0093687	FALSE
ClbF	2.6e-55	54.5850266520292	28	V1.FI19_GL0004741	FALSE
ClbF	1.5e-68	67.8239087409443	29.5	V1.FI19_GL0060155	FALSE
ClbF	1.2e-59	58.9208187539524	26.7	V1.FI20_GL0141337	FALSE
ClbF	8e-75	74.0969100130081	31.4	V1.FI26_GL0213289	FALSE
ClbF	3.1e-54	53.5086383061657	25.4	V1.FI27_GL0034999	FALSE
ClbF	5.8e-62	61.2365720064371	30.1	V1.FI28_GL0011397	FALSE
ClbF	6.1e-65	64.2146701649892	29.6	V1.FI33_GL0052294	FALSE
ClbF	1.1e-34	33.9586073148418	26.2	V1.FI33_GL0063376	FALSE
ClbF	1.1e-52	51.9586073148418	26.2	V1.FI33_GL0106906	FALSE
ClbF	4.2e-34	33.3767507096021	26.7	V1.FI34_GL0035539	FALSE
ClbF	1.5e-65	64.8239087409443	30.5	V1.FI36_GL0069557	FALSE
ClbF	4.2e-62	61.3767507096021	28.1	V1.FI36_GL0079508	FALSE
ClbF	6.1e-65	64.2146701649892	29.3	V1.FI36_GL0093148	FALSE
ClbF	3.8e-77	76.4202164033832	32.5	V1.FI36_GL0098611	FALSE
ClbF	1.3e-79	78.8860566476932	32.7	V1.FI36_GL0135678	FALSE
ClbF	5.1e-71	70.2924298239021	31	V1.UC11-0_GL0030915	FALSE
ClbF	1e-63	63	28	V1.UC11-5_GL0053240	FALSE
ClbF	7.4e-73	72.130768280269	30.8	V1.UC16-0_GL0011509	FALSE
ClbF	3e-71	70.5228787452803	32.2	V1.UC17-2_GL0030861	FALSE
ClbF	2.1e-69	68.6777807052661	30.5	V1.UC17-2_GL0069750	FALSE
ClbF	5.5e-57	56.2596373105058	26	V1.UC17-2_GL0114878	FALSE
ClbF	1.8e-62	61.7447274948967	29.6	V1.UC17-2_GL0133533	FALSE
ClbF	2.8e-79	78.5528419686578	33.6	V1.UC17-2_GL0146904	FALSE
ClbF	2.2e-56	55.6575773191778	26.9	V1.UC26-0_GL0149986	FALSE
ClbF	6.3e-66	65.2006594505464	30.6	V1.UC26-4_GL0128912	FALSE
ClbF	9.9e-77	76.0043648054024	31.7	V1.UC28-0_GL0040195	FALSE
ClbF	2.3e-52	51.6382721639824	26.1	V1.UC30-0_GL0105173	FALSE
ClbF	2.2e-55	54.6575773191778	25.5	V1.UC35-4_GL0111208	FALSE
ClbF	5.5000000000000005e-66	65.2596373105058	29.5	V1.UC38-4_GL0024107	FALSE
ClbF	6.3e-67	66.2006594505464	28.9	V1.UC38-4_GL0064937	FALSE
ClbF	2.2000000000000002e-65	64.6575773191778	29	V1.UC38-4_GL0130820	FALSE
ClbF	1.2e-57	56.9208187539524	26.5	V1.UC38-4_GL0157762	FALSE
ClbF	2.4e-76	75.6197887582884	32.5	V1.UC39-0_GL0010522	FALSE
ClbF	1.1e-57	56.9586073148418	25.8	V1.UC39-0_GL0060329	FALSE
ClbF	4.1e-68	67.3872161432803	30.6	V1.UC39-4_GL0008960	FALSE
ClbF	6.3e-73	72.2006594505464	32.3	V1.UC39-4_GL0044240	FALSE
ClbF	5.4e-74	73.267606240177	31	V1.UC39-4_GL0095847	FALSE
ClbF	1.6e-67	66.7958800173441	30.8	V1.UC43-0_GL0138797	FALSE
ClbF	4.7e-57	56.3279021420643	27.5	V1.UC5-3_GL0020431	FALSE
ClbF	1.2e-56	55.9208187539524	29.5	V1.UC5-3_GL0078288	FALSE
ClbF	2.8e-48	47.5528419686578	26.4	V1.UC5-3_GL0104129	FALSE
ClbF	8.7e-76	75.0604807473814	32.4	V1.UC5-3_GL0132434	FALSE
ClbF	7.7e-68	67.1135092748275	29.3	V1.UC50-1_GL0090750	FALSE
ClbF	7.4e-74	73.130768280269	32.8	V1.UC50-1_GL0156560	FALSE
ClbF	3e-68	67.5228787452803	28.9	V1.UC50-1_GL0198115	FALSE
ClbF	6.4e-74	73.1938200260161	30.8	V1.UC52-0_GL0021959	FALSE
ClbF	1.5e-62	61.8239087409443	29.5	V1.UC54-0_GL0024299	FALSE
ClbF	4.5e-75	74.3467874862247	32	V1.UC55-4_GL0130966	FALSE
ClbF	1.9e-72	71.7212463990472	31.7	V1.UC57-0_GL0022047	FALSE
ClbF	9.5e-43	42.0222763947111	25.4	V1.UC60-0_GL0179314	FALSE
ClbF	3.5e-39	38.4559319556497	25.9	V1.UC60-0_GL0179319	FALSE
ClbL	2.3e-50	49.6382721639824	26.2	1006551.KOX_16785	FALSE
ClbL	2.2e-48	47.6575773191778	25.6	1028307.EAE_19165	FALSE
ClbL	1.5e-47	46.8239087409443	25.8	1045856.EcWSU1_01575	FALSE
ClbL	2.5e-298	297.602059991328	98.4	199310.c2457	TRUE
ClbL	2.8e-49	48.5528419686578	25.5	556263.FSEG_00126	FALSE
ClbL	1.5e-43	42.8239087409443	25.6	765701615-stool1_revised_scaffold43947_2_gene230104	FALSE
ClbL	1.5e-41	40.8239087409443	25.4	944560.HMPREF9058_1869	FALSE
ClbL	2.8e-37	36.5528419686578	25.2	DLF014_GL0018075	FALSE
ClbL	1.6e-42	41.7958800173441	25.5	DLF014_GL0028277	FALSE
ClbL	4e-40	39.397940008672	25.7	DLM013_GL0095539	FALSE
ClbL	5.9e-30	29.2291479883579	25.8	MH0002_GL0047774	FALSE
ClbL	3.9e-44	43.4089353929735	26.5	MH0131_GL0100660	FALSE
ClbL	1.2e-40	39.9208187539524	25.9	MH0142_GL0075186	FALSE
ClbL	3.2e-44	43.4948500216801	25.2	MH0153_GL0026053	FALSE
ClbL	3.1e-38	37.5086383061657	25.4	MH0206_GL0140122	FALSE
ClbL	7.8e-42	41.1079053973095	25.7	MH0227_GL0047836	FALSE
ClbL	2.7e-29	28.568636235841	25.5	MH0230_GL0017360	FALSE
ClbL	2.6e-49	48.5850266520292	27.2	MH0239_GL0023543	FALSE
ClbL	1.2e-49	48.9208187539524	26	MH0260_GL0141889	FALSE
ClbL	7.6e-31	30.1191864077192	26.1	MH0262_GL0092968	FALSE
ClbL	5.4e-31	30.267606240177	26.4	MH0268_GL0095015	FALSE
ClbL	4.1e-48	47.3872161432803	25.3	MH0277_GL0017050	FALSE
ClbL	1.4e-40	39.8538719643218	25.1	MH0313_GL0009190	FALSE
ClbL	2.8e-42	41.5528419686578	25.2	MH0423_GL0046416	FALSE
ClbL	4.5e-45	44.3467874862247	26.7	MH0433_GL0137458	FALSE
ClbL	3.1e-38	37.5086383061657	25.9	N066A_GL0077579	FALSE
ClbL	3.8e-40	39.4202164033832	25.5	O2.UC17-1_GL0079458	FALSE
ClbL	6e-43	42.2218487496164	25.5	O2.UC50-0_GL0135425	FALSE
ClbL	4.7e-41	40.3279021420643	26.5	O2.UC51-2_GL0221765	FALSE
ClbL	4e-37	36.397940008672	25.3	SZEY-10A_GL0031544	FALSE
ClbL	1.3e-46	45.8860566476932	25.7	T2D-108A_GL0069593	FALSE
ClbL	5.5e-42	41.2596373105058	25.6	T2D-68A_GL0071038	FALSE
ClbL	6.7e-49	48.1739251972992	27.7	V1.CD10-0_GL0024318	FALSE
ClbL	2.3e-49	48.6382721639824	25.3	V1.CD16-0_GL0048340	FALSE
ClbL	1.9e-35	34.7212463990472	25.4	V1.CD3-0-PN_GL0061165	FALSE
ClbL	1.2e-51	50.9208187539524	29	V1.FI10_GL0013015	FALSE
ClbL	6.8e-40	39.1674910872938	25.7	V1.FI14_GL0083390	FALSE
ClbL	3.6e-39	38.4436974992327	25.4	V1.FI20_GL0040196	FALSE
ClbL	1.7000000000000001e-35	34.7695510786217	25.1	V1.FI36_GL0014901	FALSE
ClbL	1.2e-50	49.9208187539524	26.3	V1.UC17-2_GL0069283	FALSE
ClbL	1.3e-44	43.8860566476932	26.3	V1.UC27-0_GL0047447	FALSE
ClbL	2.7e-39	38.568636235841	26.1	V1.UC50-1_GL0186064	FALSE
ClbP	3.7e-300	Inf	100	199310.c2452	TRUE
ClbP	1.6e-68	67.7958800173441	27.1	HT14A_GL0101900	FALSE
ClbP	2.5e-46	45.602059991328	25.3	MH0308_GL0091765	FALSE
ClbQ	4.6e-58	57.3372421683184	30.9	210007.SMU_1346	FALSE
ClbQ	3.9e-61	60.4089353929735	29.2	469603.HMPREF0406_01504	FALSE
ClbQ	4.4e-51	50.3565473235138	28.2	511691.SmuNN2025_1648	FALSE
ClbQ	1.3e-36	35.8860566476932	25.6	655811.HMPREF0078_0431	FALSE
ClbQ	3.5e-30	29.4559319556497	25.2	763860675-stool1_revised_scaffold50425_1_gene12264	FALSE
ClbQ	2.2e-38	37.6575773191778	27	908338.HMPREF9286_1769	FALSE
ClbQ	7.4e-33	32.130768280269	25.5	910311.HMPREF9404_4980	FALSE
ClbQ	5.5e-54	53.2596373105058	27.9	BGI-06A_GL0028083	FALSE
ClbQ	5.5e-46	45.2596373105058	27.4	DLF005_GL0036744	FALSE
ClbQ	4.7e-49	48.3279021420643	30.7	DLM014_GL0020293	FALSE
ClbQ	1.4e-58	57.8538719643218	32.1	DLM024_GL0023900	FALSE
ClbQ	3.6e-47	46.4436974992327	27.6	DOF010_GL0025439	FALSE
ClbQ	1.4e-36	35.8538719643218	25.6	DOM008_GL0015599	FALSE
ClbQ	2.8e-52	51.5528419686578	29.8	HT14A_GL0065195	FALSE
ClbQ	1.1e-43	42.9586073148418	29.2	MH0007_GL0042733	FALSE
ClbQ	3.5e-41	40.4559319556497	25.2	MH0044_GL0036849	FALSE
ClbQ	6.9e-42	41.1611509092627	25.6	MH0045_GL0024626	FALSE
ClbQ	4.6e-29	28.3372421683184	25.6	MH0067_GL0060527	FALSE
ClbQ	3.6e-37	36.4436974992327	29.5	MH0069_GL0024978	FALSE
ClbQ	1.9e-45	44.7212463990472	27.5	MH0085_GL0004490	FALSE
ClbQ	1.5e-45	44.8239087409443	27.1	MH0086_GL0016969	FALSE
ClbQ	2e-46	45.698970004336	28.9	MH0088_GL0040532	FALSE
ClbQ	5.7e-35	34.2441251443275	25.1	MH0088_GL0040533	FALSE
ClbQ	4.9e-135	134.309803919972	100	MH0093_GL0053209	TRUE
ClbQ	1.3e-32	31.8860566476932	25.3	MH0101_GL0045914	FALSE
ClbQ	1.9e-47	46.7212463990472	29.4	MH0101_GL0045915	FALSE
ClbQ	1.4e-28	27.8538719643218	25.6	MH0111_GL0034402	FALSE
ClbQ	1.9e-42	41.7212463990472	27.9	MH0128_GL0072531	FALSE
ClbQ	3.3e-43	42.4814860601221	28.5	MH0129_GL0027207	FALSE
ClbQ	5.8e-36	35.2365720064371	28.1	MH0131_GL0069147	FALSE
ClbQ	2.6e-42	41.5850266520292	27.4	MH0169_GL0145649	FALSE
ClbQ	1.2e-51	50.9208187539524	27.9	MH0177_GL0048860	FALSE
ClbQ	1.3e-50	49.8860566476932	30	MH0182_GL0067549	FALSE
ClbQ	6.3e-47	46.2006594505464	27	MH0185_GL0138900	FALSE
ClbQ	5.4e-52	51.267606240177	29	MH0212_GL0083899	FALSE
ClbQ	3.2e-44	43.4948500216801	29.3	MH0233_GL0098072	FALSE
ClbQ	3.5e-42	41.4559319556497	28.1	MH0239_GL0141663	FALSE
ClbQ	2.8e-53	52.5528419686578	27.7	MH0247_GL0034243	FALSE
ClbQ	4.1e-39	38.3872161432803	25.4	MH0276_GL0189822	FALSE
ClbQ	2.2e-44	43.6575773191778	27.9	MH0290_GL0141030	FALSE
ClbQ	4.6e-68	67.3372421683184	35.4	MH0308_GL0036861	FALSE
ClbQ	7.1e-70	69.1487416512809	32	MH0308_GL0072960	FALSE
ClbQ	3.5e-47	46.4559319556497	30.3	MH0308_GL0082374	FALSE
ClbQ	5.3e-44	43.2757241303992	28.9	MH0326_GL0024102	FALSE
ClbQ	1.5e-42	41.8239087409443	25.6	MH0336_GL0077647	FALSE
ClbQ	4.1e-43	42.3872161432803	29.1	MH0336_GL0136624	FALSE
ClbQ	2.6e-42	41.5850266520292	26.6	MH0339_GL0086043	FALSE
ClbQ	1.3e-41	40.8860566476932	26.5	MH0339_GL0157333	FALSE
ClbQ	2.2e-43	42.6575773191778	26.2	MH0357_GL0133114	FALSE
ClbQ	2.5e-44	43.602059991328	25.4	MH0370_GL0110478	FALSE
ClbQ	4e-39	38.397940008672	28.8	MH0373_GL0128247	FALSE
ClbQ	1.1e-49	48.9586073148418	31.1	MH0382_GL0102501	FALSE
ClbQ	2.2e-40	39.6575773191778	27.3	MH0386_GL0123754	FALSE
ClbQ	4.9e-35	34.3098039199715	26.7	MH0398_GL0180527	FALSE
ClbQ	1.9e-45	44.7212463990472	27	MH0403_GL0143830	FALSE
ClbQ	4.2e-35	34.3767507096021	29	MH0419_GL0137473	FALSE
ClbQ	2.9e-49	48.537602002101	28.4	MH0433_GL0126214	FALSE
ClbQ	3.4e-44	43.4685210829577	27.9	MH0438_GL0011677	FALSE
ClbQ	2.1e-59	58.6777807052661	33.2	N088A_GL0065116	FALSE
ClbQ	7e-45	44.1549019599857	29.3	NOF007_GL0048887	FALSE
ClbQ	2e-34	33.698970004336	25.2	O2.CD1-0-PT_GL0007426	FALSE
ClbQ	1.9e-44	43.7212463990472	28.2	O2.CD3-0-PT_GL0164114	FALSE
ClbQ	5.1e-56	55.2924298239021	30.8	O2.UC18-1_GL0102293	FALSE
ClbQ	9e-46	45.0457574905607	26.1	O2.UC38-1_GL0181154	FALSE
ClbQ	1.6e-38	37.7958800173441	26.4	O2.UC44-2_GL0013435	FALSE
ClbQ	5.5e-40	39.2596373105058	28.8	O2.UC50-0_GL0201778	FALSE
ClbQ	7.9e-36	35.1023729087096	26.6	O2.UC7-1_GL0007106	FALSE
ClbQ	2.4e-34	33.6197887582884	25.2	T2D-157A_GL0045709	FALSE
ClbQ	1.6e-32	31.7958800173441	26.3	T2D-41A_GL0022712	FALSE
ClbQ	2.7e-43	42.568636235841	25.8	T2D-45A_GL0008531	FALSE
ClbQ	2.7e-31	30.568636235841	25.3	V1.CD22-0_GL0076499	FALSE
ClbQ	2.7e-44	43.568636235841	25.5	V1.CD22-0_GL0165713	FALSE
ClbQ	3.1e-49	48.5086383061657	29.9	V1.CD25-0_GL0081387	FALSE
ClbQ	4e-44	43.397940008672	26.9	V1.CD25-0_GL0081388	FALSE
ClbQ	1.4e-47	46.8538719643218	25.1	V1.CD46-0_GL0024736	FALSE
ClbQ	2.2e-47	46.6575773191778	25.9	V1.CD54-0_GL0067228	FALSE
ClbQ	1.3e-50	49.8860566476932	26.2	V1.FI22_GL0149741	FALSE
ClbQ	5.1e-42	41.2924298239021	26.6	V1.UC14-1_GL0004703	FALSE
ClbQ	1.8e-32	31.7447274948967	25.5	V1.UC35-4_GL0025195	FALSE
ClbQ	2.2e-36	35.6575773191778	26.3	V1.UC42-0_GL0143021	FALSE
ClbQ	5.4e-43	42.267606240177	27.9	V1.UC52-0_GL0082953	FALSE
ClbQ	2.6e-44	43.5850266520292	26.5	V1.UC52-1_GL0184020	FALSE
